user_id,region,district,is_capital_area,property_type,exclusive_area_sqm,deposit_amount,market_price_estimate,senior_bond_amount,loan_amount_requested,deposit_to_market_ratio_pct,senior_plus_deposit_to_market_pct,settlement_date,repayment_method,interest_rate_type,financial_sector,dsr_estimated_pct,info_completeness
U0001,대전,서구,N,다세대,80.3,2627,4558,1114,1842,57.6,82.1,2026-10-01,원리금균등,고정,은행,6.3,Y
U0002,대구,달서구,N,오피스텔,31.5,11342,19951,1136,7977,56.8,62.5,2026-12-19,원리금균등,변동,은행,5.3,Y
U0003,경기,화성시,Y,오피스텔,43.6,8429,9851,2569,6160,85.6,111.6,2026-10-24,만기일시,고정,은행,24.3,N
U0004,부산,해운대구,N,다세대,59.3,7703,12285,480,5509,62.7,66.6,2026-09-12,만기일시,혼합,은행,8.0,Y
U0005,울산,남구,N,아파트,131.3,20966,23541,4004,13846,89.1,106.1,2026-08-08,원리금균등,변동,2금융권,11.1,Y
U0006,서울,강북구,Y,아파트,98.9,29949,37052,921,22302,80.8,83.3,2026-07-15,원금균등,고정,은행,13.8,Y
U0007,부산,수영구,N,다세대,79.6,4631,5617,1054,3108,82.4,101.2,2026-11-02,원리금균등,혼합,은행,9.1,Y
U0008,인천,계양구,Y,오피스텔,50.1,12843,21090,5392,9857,60.9,86.5,2026-11-08,원리금균등,고정,은행,17.6,Y
U0009,서울,구로구,Y,다세대,62.6,5232,5858,1348,3844,89.3,112.3,2026-09-11,원리금균등,변동,은행,2.5,Y
U0010,인천,남동구,Y,오피스텔,31.0,8890,15635,3850,6594,56.9,81.5,2026-12-21,만기일시,고정,2금융권,30.4,Y
U0011,제주,서귀포시,N,아파트,70.4,5051,9510,538,3618,53.1,58.8,2026-11-27,원리금균등,고정,2금융권,7.9,Y
U0012,세종,나성동,N,오피스텔,48.5,20552,25715,1463,15825,79.9,85.6,2026-10-20,원리금균등,고정,2금융권,28.5,Y
U0013,서울,송파구,Y,아파트,104.8,43175,81341,15266,34146,53.1,71.8,2026-09-11,원리금균등,변동,2금융권,23.4,Y
U0014,경북,포항시,N,아파트,40.8,15453,20563,2259,12010,75.1,86.1,2026-09-21,만기일시,고정,은행,16.4,Y
U0015,서울,용산구,Y,연립,79.1,33755,56559,13042,23378,59.7,82.7,2026-12-12,원금균등,고정,2금융권,17.0,Y
U0016,서울,마포구,Y,다세대,18.4,27280,46500,1735,19472,58.7,62.4,2026-11-16,원금균등,고정,은행,15.8,Y
U0017,경남,김해시,N,다세대,39.1,4011,5186,493,2800,77.3,86.8,2026-08-11,원리금균등,고정,은행,7.4,Y
U0018,서울,성북구,Y,아파트,76.7,81548,143555,27042,61992,56.8,75.6,2026-09-01,원금균등,고정,은행,94.2,Y
U0019,서울,구로구,Y,아파트,117.2,76890,97222,2787,50202,79.1,82.0,2026-10-04,원리금균등,변동,2금융권,30.6,Y
U0020,대구,달서구,N,오피스텔,19.0,3001,3947,936,2382,76.0,99.7,2026-08-26,원리금균등,변동,2금융권,9.2,Y
U0021,제주,서귀포시,N,다세대,51.5,16809,31444,2972,12964,53.5,62.9,2026-11-07,원금균등,변동,은행,14.9,Y
U0022,서울,구로구,Y,아파트,34.1,85949,96501,24321,62166,89.1,114.3,2026-11-05,만기일시,혼합,은행,38.2,Y
U0023,서울,강북구,Y,다세대,91.2,25395,30799,7962,17560,82.5,108.3,2026-11-18,만기일시,고정,은행,18.2,Y
U0024,서울,마포구,Y,오피스텔,25.6,30713,35227,806,22229,87.2,89.5,2026-07-20,원리금균등,고정,은행,24.2,Y
U0025,경기,남양주시,Y,아파트,107.0,24250,29045,763,15772,83.5,86.1,2026-12-06,원금균등,고정,은행,9.0,Y
U0026,제주,제주시,N,아파트,51.6,8498,14333,2855,5892,59.3,79.2,2026-09-22,만기일시,고정,은행,15.2,Y
U0027,충북,충주시,N,오피스텔,22.3,13914,22117,3806,9235,62.9,80.1,2026-09-30,원금균등,변동,2금융권,10.7,Y
U0028,충북,충주시,N,아파트,91.1,14641,21577,3338,9630,67.9,83.3,2026-08-09,원금균등,변동,은행,15.4,Y
U0029,경기,평택시,Y,아파트,94.7,41920,76864,13673,32777,54.5,72.3,2026-09-15,원금균등,고정,2금융권,13.7,Y
U0030,대전,중구,N,아파트,128.9,10510,13878,2297,8272,75.7,92.3,2026-12-23,만기일시,혼합,은행,29.1,Y
U0031,서울,성북구,Y,오피스텔,53.5,15780,20816,5236,12055,75.8,101.0,2026-07-16,만기일시,고정,은행,15.6,Y
U0032,서울,동작구,Y,다세대,31.9,9427,14782,1979,7094,63.8,77.2,2026-12-03,원리금균등,고정,은행,2.1,Y
U0033,서울,성북구,Y,다세대,94.4,13152,24742,5700,9090,53.2,76.2,2026-07-19,만기일시,혼합,2금융권,12.9,Y
U0034,서울,동작구,Y,아파트,47.7,82951,110135,16017,56417,75.3,89.9,2026-10-08,만기일시,변동,은행,24.9,Y
U0035,서울,광진구,Y,아파트,116.9,32449,44581,9964,22900,72.8,95.1,2026-11-04,원리금균등,변동,2금융권,12.6,Y
U0036,광주,서구,N,연립,69.6,16991,31503,4621,12936,53.9,68.6,2026-10-21,만기일시,고정,은행,22.4,Y
U0037,충북,청주시,N,다세대,67.4,14144,15108,4160,9710,93.6,121.2,2026-11-28,원리금균등,고정,2금융권,9.0,Y
U0038,전북,익산시,N,아파트,62.7,4972,7000,278,3279,71.0,75.0,2026-10-07,만기일시,변동,은행,2.3,Y
U0039,충남,아산시,N,아파트,99.9,8251,12209,1838,6345,67.6,82.6,2026-12-21,만기일시,혼합,은행,2.4,Y
U0040,대구,중구,N,아파트,115.7,18330,27915,5730,13459,65.7,86.2,2026-08-07,원금균등,고정,은행,9.7,Y
U0041,경남,창원시,N,다세대,68.7,16023,17218,1647,12247,93.1,102.6,2026-10-04,원리금균등,고정,은행,5.8,Y
U0042,부산,부산진구,N,아파트,102.2,15642,20042,4643,11307,78.0,101.2,2026-09-14,원리금균등,혼합,은행,23.7,Y
U0043,광주,북구,N,아파트,111.8,12255,21549,6080,8098,56.9,85.1,2026-07-17,원금균등,고정,2금융권,17.2,Y
U0044,서울,서초구,Y,아파트,130.5,70173,86898,23696,46416,80.8,108.0,2026-11-19,만기일시,고정,2금융권,20.9,Y
U0045,전북,익산시,N,오피스텔,42.9,5444,6032,934,3786,90.3,105.7,2026-07-21,원금균등,변동,은행,5.3,Y
U0046,세종,나성동,N,연립,91.7,11285,19628,5753,8998,57.5,86.8,2026-12-19,원리금균등,고정,은행,22.8,N
U0047,전북,전주시,N,아파트,98.3,5258,7084,2399,3969,74.2,108.1,2026-12-06,만기일시,혼합,은행,6.0,Y
U0048,서울,송파구,Y,아파트,119.3,77139,138937,1836,54037,55.5,56.8,2026-08-09,만기일시,고정,은행,27.9,Y
U0049,제주,제주시,N,아파트,139.1,21697,31296,3086,15346,69.3,79.2,2026-08-17,원리금균등,혼합,은행,16.1,Y
U0050,서울,성북구,Y,오피스텔,33.1,16290,22283,3012,10788,73.1,86.6,2026-09-26,원리금균등,혼합,은행,13.4,Y
U0051,대전,서구,N,아파트,59.7,14960,23628,519,11602,63.3,65.5,2026-11-21,원리금균등,변동,은행,15.8,Y
U0052,충남,천안시,N,아파트,85.7,14896,28062,2491,9719,53.1,62.0,2026-10-03,원리금균등,혼합,은행,28.8,Y
U0053,서울,용산구,Y,오피스텔,28.5,13612,18900,5394,9814,72.0,100.6,2026-12-19,원리금균등,고정,2금융권,10.3,Y
U0054,경북,구미시,N,아파트,100.5,18536,28057,3154,12271,66.1,77.3,2026-09-23,원금균등,변동,은행,8.3,Y
U0055,부산,부산진구,N,아파트,120.2,9643,13263,2633,7143,72.7,92.6,2026-10-09,원금균등,변동,은행,13.2,Y
U0056,인천,계양구,Y,다세대,94.9,10206,11894,308,6898,85.8,88.4,2026-07-29,만기일시,혼합,2금융권,11.3,Y
U0057,경기,시흥시,Y,아파트,132.0,17128,23781,5967,12363,72.0,97.1,2026-10-19,만기일시,고정,2금융권,4.7,Y
U0058,서울,구로구,Y,다세대,44.6,33168,60057,17781,22806,55.2,84.8,2026-11-25,원금균등,고정,은행,19.5,Y
U0059,서울,동작구,Y,아파트,104.6,50847,80495,8161,40347,63.2,73.3,2026-10-18,원금균등,변동,은행,38.2,Y
U0060,서울,마포구,Y,아파트,65.5,41964,66012,5736,32723,63.6,72.3,2026-09-28,만기일시,혼합,은행,25.8,Y
U0061,경기,화성시,Y,아파트,62.6,40531,56450,894,26656,71.8,73.4,2026-10-07,만기일시,고정,은행,13.5,Y
U0062,서울,강남구,Y,아파트,70.3,48952,70415,14941,35604,69.5,90.7,2026-12-10,원금균등,고정,2금융권,19.2,Y
U0063,경남,창원시,N,다세대,62.9,5825,9231,2002,4521,63.1,84.8,2026-09-07,원리금균등,변동,은행,12.4,Y
U0064,충북,충주시,N,아파트,52.4,20286,27203,3373,15535,74.6,87.0,2026-12-18,만기일시,고정,은행,13.9,N
U0065,경기,고양시,Y,아파트,65.2,67703,91021,14093,46611,74.4,89.9,2026-08-27,만기일시,고정,은행,22.8,Y
U0066,부산,동래구,N,오피스텔,21.3,15231,27394,4561,11386,55.6,72.2,2026-09-18,원금균등,고정,은행,21.0,Y
U0067,부산,해운대구,N,아파트,100.5,20605,27503,4374,15375,74.9,90.8,2026-08-10,만기일시,변동,은행,18.5,Y
U0068,서울,성북구,Y,아파트,108.0,26413,30891,3499,18151,85.5,96.8,2026-09-05,원금균등,혼합,2금융권,49.6,Y
U0069,인천,연수구,Y,아파트,116.7,59248,83153,15985,42696,71.3,90.5,2026-12-24,원리금균등,혼합,은행,16.4,Y
U0070,서울,용산구,Y,다세대,55.6,31866,45526,887,21344,70.0,71.9,2026-11-28,원리금균등,변동,은행,17.3,Y
U0071,경남,김해시,N,아파트,132.8,11246,20575,2718,7445,54.7,67.9,2026-11-22,원리금균등,변동,은행,44.0,Y
U0072,경남,창원시,N,아파트,106.9,14491,26748,8323,9942,54.2,85.3,2026-12-06,원리금균등,변동,은행,5.8,Y
U0073,세종,조치원읍,N,아파트,49.0,15374,19031,2002,10134,80.8,91.3,2026-08-20,만기일시,변동,은행,29.5,Y
U0074,충남,아산시,N,오피스텔,39.6,5115,6427,457,3821,79.6,86.7,2026-10-09,원리금균등,변동,2금융권,10.5,Y
U0075,경남,김해시,N,오피스텔,46.0,16223,22504,1885,11328,72.1,80.5,2026-11-03,만기일시,변동,은행,19.9,Y
U0076,강원,원주시,N,아파트,69.9,9907,17420,3044,7412,56.9,74.3,2026-09-10,원금균등,혼합,은행,5.5,Y
U0077,강원,춘천시,N,오피스텔,24.6,16290,17231,3050,11500,94.5,112.2,2026-12-24,만기일시,혼합,은행,21.8,Y
U0078,서울,동작구,Y,연립,80.8,12287,17047,2226,8735,72.1,85.1,2026-09-02,원금균등,변동,2금융권,6.8,Y
U0079,대전,유성구,N,오피스텔,45.8,13552,17352,5613,10200,78.1,110.4,2026-11-23,만기일시,변동,은행,7.8,Y
U0080,세종,나성동,N,단독,28.8,21775,36267,6357,17336,60.0,77.6,2026-10-26,원리금균등,혼합,은행,58.8,Y
U0081,대구,북구,N,아파트,112.7,14861,24947,2765,9897,59.6,70.7,2026-09-23,원금균등,고정,은행,7.8,Y
U0082,경북,포항시,N,다세대,31.1,9924,11591,1222,7185,85.6,96.2,2026-10-26,원금균등,변동,은행,19.8,Y
U0083,울산,북구,N,다세대,71.5,11841,14221,1982,8263,83.3,97.2,2026-12-16,원금균등,혼합,2금융권,8.3,Y
U0084,제주,서귀포시,N,다세대,28.7,8405,10630,573,5997,79.1,84.5,2026-10-29,만기일시,변동,은행,5.8,Y
U0085,전남,여수시,N,오피스텔,29.3,18027,20552,709,12318,87.7,91.2,2026-11-26,만기일시,변동,은행,9.0,Y
U0086,서울,용산구,Y,연립,44.8,7026,11689,1851,4638,60.1,75.9,2026-08-05,원리금균등,혼합,은행,16.3,Y
U0087,충북,충주시,N,아파트,111.9,6513,11004,3115,4295,59.2,87.5,2026-11-21,원리금균등,고정,은행,9.1,Y
U0088,전남,목포시,N,아파트,59.7,4781,6537,323,3386,73.1,78.1,2026-12-01,원금균등,변동,은행,3.4,Y
U0089,서울,관악구,Y,오피스텔,36.5,6563,7063,1881,4553,92.9,119.6,2026-11-21,원금균등,고정,은행,2.6,Y
U0090,경기,파주시,Y,아파트,131.0,14514,18482,5577,9623,78.5,108.7,2026-08-06,원리금균등,고정,은행,4.9,Y
U0091,충남,천안시,N,아파트,117.0,10526,11583,1124,7877,90.9,100.6,2026-08-09,원리금균등,고정,은행,3.8,Y
U0092,충북,충주시,N,아파트,33.3,17596,29435,7530,12647,59.8,85.4,2026-10-06,원리금균등,혼합,은행,17.2,N
U0093,광주,서구,N,연립,94.4,10842,20560,6544,8482,52.7,84.6,2026-09-15,원리금균등,변동,은행,2.0,Y
U0094,부산,해운대구,N,다세대,80.9,21769,30672,1419,14381,71.0,75.6,2026-08-02,원리금균등,고정,2금융권,3.7,Y
U0095,경기,고양시,Y,단독,63.4,15905,29723,3272,10672,53.5,64.5,2026-07-28,원리금균등,변동,은행,19.8,Y
U0096,서울,서초구,Y,오피스텔,14.6,15194,20041,2713,11788,75.8,89.4,2026-11-23,만기일시,고정,은행,20.1,N
U0097,경기,안양시,Y,아파트,41.9,83832,157450,8562,58600,53.2,58.7,2026-12-20,만기일시,변동,은행,88.2,Y
U0098,서울,성북구,Y,연립,78.3,26344,31400,1395,20210,83.9,88.3,2026-08-06,원리금균등,고정,은행,21.6,Y
U0099,경기,용인시,Y,아파트,73.8,83778,100711,33851,54900,83.2,116.8,2026-12-21,원금균등,고정,은행,41.0,Y
U0100,경남,김해시,N,아파트,94.9,2655,3241,640,1847,81.9,101.7,2026-11-02,원금균등,변동,은행,9.3,Y
U0101,대구,달서구,N,연립,36.3,12095,13316,4646,9153,90.8,125.7,2026-09-04,만기일시,고정,2금융권,29.7,Y
U0102,경북,구미시,N,아파트,63.5,3956,4835,1320,2918,81.8,109.1,2026-08-18,원금균등,변동,은행,2.6,Y
U0103,서울,영등포구,Y,아파트,124.9,25562,47527,14216,18747,53.8,83.7,2026-07-31,원금균등,고정,2금융권,11.7,Y
U0104,인천,연수구,Y,단독,25.1,30266,52589,2255,23951,57.6,61.8,2026-11-30,원금균등,혼합,은행,35.5,Y
U0105,서울,노원구,Y,아파트,132.1,53013,84086,23608,40779,63.0,91.1,2026-10-06,원금균등,변동,은행,54.3,Y
U0106,대전,유성구,N,아파트,106.6,7697,13422,4309,5068,57.3,89.5,2026-09-01,만기일시,혼합,2금융권,6.6,Y
U0107,충남,아산시,N,아파트,37.3,3595,5613,39,2595,64.0,64.7,2026-12-11,원리금균등,혼합,은행,1.9,Y
U0108,서울,마포구,Y,오피스텔,47.7,17543,27953,4767,12238,62.8,79.8,2026-11-27,만기일시,혼합,은행,10.6,Y
U0109,대전,중구,N,다세대,90.1,5243,8827,735,4181,59.4,67.7,2026-07-29,만기일시,변동,은행,8.2,Y
U0110,세종,나성동,N,아파트,86.7,19349,31023,7461,13049,62.4,86.4,2026-07-15,원금균등,고정,은행,53.8,Y
U0111,서울,구로구,Y,다세대,38.4,12727,15933,277,9364,79.9,81.6,2026-08-15,원리금균등,고정,은행,9.6,Y
U0112,울산,남구,N,다세대,47.8,9735,13378,874,6393,72.8,79.3,2026-09-12,원리금균등,혼합,은행,8.8,Y
U0113,서울,구로구,Y,오피스텔,15.6,21708,32330,6467,17310,67.1,87.1,2026-10-29,원리금균등,혼합,은행,8.5,Y
U0114,충남,아산시,N,오피스텔,37.9,20385,21618,5300,15047,94.3,118.8,2026-08-04,원금균등,고정,은행,44.2,Y
U0115,부산,수영구,N,오피스텔,29.2,7133,12011,3871,5596,59.4,91.6,2026-09-22,원금균등,고정,은행,2.3,Y
U0116,서울,성북구,Y,단독,57.7,8928,11735,2082,5985,76.1,93.8,2026-11-29,원리금균등,고정,2금융권,7.5,Y
U0117,세종,나성동,N,아파트,133.2,17105,27976,2791,12110,61.1,71.1,2026-11-30,원리금균등,혼합,은행,15.0,Y
U0118,전남,여수시,N,아파트,75.2,9300,11757,1920,6990,79.1,95.4,2026-10-16,만기일시,고정,은행,3.7,Y
U0119,서울,강서구,Y,단독,64.2,24476,39863,10063,18316,61.4,86.6,2026-09-11,원금균등,고정,은행,24.8,Y
U0120,서울,종로구,Y,다세대,61.0,32291,59896,18859,24159,53.9,85.4,2026-09-02,만기일시,혼합,은행,14.4,Y
U0121,광주,북구,N,오피스텔,29.8,21750,39344,13587,14605,55.3,89.8,2026-08-22,원리금균등,변동,은행,9.2,Y
U0122,서울,관악구,Y,아파트,34.6,37133,65289,4355,27906,56.9,63.5,2026-09-08,원리금균등,변동,은행,16.6,Y
U0123,경기,고양시,Y,오피스텔,56.2,16505,20535,5226,11053,80.4,105.8,2026-12-04,만기일시,고정,은행,16.1,Y
U0124,경기,용인시,Y,다세대,66.5,13335,21502,4986,9208,62.0,85.2,2026-08-11,원금균등,혼합,은행,13.0,Y
U0125,세종,조치원읍,N,아파트,108.2,20184,35523,8318,13571,56.8,80.2,2026-11-14,원리금균등,혼합,은행,22.7,Y
U0126,부산,해운대구,N,오피스텔,44.5,5825,7886,1208,4330,73.9,89.2,2026-07-30,원금균등,혼합,은행,8.0,Y
U0127,경기,파주시,Y,아파트,36.2,65388,115263,39271,43784,56.7,90.8,2026-08-04,원금균등,변동,은행,37.7,Y
U0128,전북,전주시,N,아파트,137.6,12359,17907,3108,8340,69.0,86.4,2026-09-27,원리금균등,고정,은행,16.1,Y
U0129,서울,강서구,Y,아파트,100.7,60287,78910,14040,41057,76.4,94.2,2026-10-02,원금균등,혼합,2금융권,57.4,Y
U0130,부산,부산진구,N,연립,81.3,16979,23734,2112,11535,71.5,80.4,2026-10-15,원리금균등,변동,2금융권,16.5,Y
U0131,서울,구로구,Y,오피스텔,45.8,9383,16354,593,7024,57.4,61.0,2026-09-27,만기일시,혼합,은행,15.9,Y
U0132,제주,서귀포시,N,다세대,90.0,14835,18110,3956,10289,81.9,103.8,2026-12-26,원리금균등,혼합,은행,14.1,N
U0133,서울,영등포구,Y,아파트,62.9,73272,138191,33053,49236,53.0,76.9,2026-09-20,원리금균등,혼합,은행,15.4,Y
U0134,인천,서구,Y,아파트,94.8,13011,16441,3571,9981,79.1,100.9,2026-09-02,만기일시,혼합,은행,27.2,Y
U0135,인천,남동구,Y,아파트,69.1,15967,29420,6339,11964,54.3,75.8,2026-11-30,만기일시,고정,2금융권,8.0,Y
U0136,인천,서구,Y,아파트,107.9,46762,85052,18269,34752,55.0,76.5,2026-09-27,원금균등,혼합,2금융권,43.8,Y
U0137,경기,파주시,Y,아파트,109.8,77182,94528,27419,60341,81.6,110.7,2026-10-26,만기일시,혼합,은행,24.2,Y
U0138,강원,원주시,N,아파트,108.4,12929,20624,4463,9870,62.7,84.3,2026-07-25,원금균등,혼합,은행,25.7,Y
U0139,경기,파주시,Y,오피스텔,43.8,33679,35682,10925,22606,94.4,125.0,2026-11-30,만기일시,고정,은행,31.0,Y
U0140,충남,아산시,N,다세대,23.6,15598,19702,1361,11497,79.2,86.1,2026-10-06,원리금균등,변동,은행,9.4,Y
U0141,경기,화성시,Y,아파트,73.3,65007,86578,14544,46597,75.1,91.9,2026-11-08,만기일시,고정,은행,93.5,Y
U0142,서울,구로구,Y,아파트,62.2,81731,123310,28222,54947,66.3,89.2,2026-12-04,만기일시,혼합,은행,70.7,Y
U0143,경북,구미시,N,오피스텔,15.9,17349,21634,2002,11886,80.2,89.4,2026-11-16,원금균등,고정,2금융권,27.0,Y
U0144,경기,성남시,Y,연립,47.0,32125,47831,5908,25063,67.2,79.5,2026-11-07,만기일시,고정,2금융권,35.1,Y
U0145,서울,강서구,Y,아파트,60.3,21975,34138,1610,15974,64.4,69.1,2026-08-13,원리금균등,고정,2금융권,23.5,Y
U0146,경남,창원시,N,다세대,57.3,5771,9423,3042,4268,61.2,93.5,2026-10-11,원금균등,고정,은행,13.2,Y
U0147,경남,김해시,N,연립,46.5,3347,5022,403,2578,66.6,74.7,2026-10-12,원금균등,변동,은행,6.7,Y
U0148,서울,노원구,Y,다세대,71.0,13793,18730,1015,10314,73.6,79.1,2026-11-21,원금균등,변동,은행,5.4,N
U0149,경기,고양시,Y,아파트,89.9,73314,126886,27269,55182,57.8,79.3,2026-10-14,만기일시,고정,은행,26.3,Y
U0150,제주,제주시,N,다세대,51.8,6433,10347,2911,4457,62.2,90.3,2026-12-07,만기일시,변동,은행,5.8,Y
U0151,전북,익산시,N,아파트,124.3,6913,12918,2056,4912,53.5,69.4,2026-08-20,원금균등,변동,은행,13.8,Y
U0152,전북,전주시,N,연립,37.9,9962,17138,1322,7523,58.1,65.8,2026-10-20,원금균등,변동,은행,10.5,Y
U0153,경기,안양시,Y,아파트,55.7,31476,49600,2708,20963,63.5,68.9,2026-12-27,만기일시,변동,은행,36.6,Y
U0154,경기,평택시,Y,오피스텔,15.5,14766,26303,7143,10611,56.1,83.3,2026-11-16,원금균등,고정,은행,9.4,Y
U0155,서울,동작구,Y,다세대,80.7,26345,45668,8876,20508,57.7,77.1,2026-08-14,원금균등,혼합,은행,11.3,Y
U0156,경기,안양시,Y,아파트,95.8,84684,107469,746,56585,78.8,79.5,2026-12-09,원리금균등,변동,은행,93.1,Y
U0157,강원,춘천시,N,아파트,71.5,8613,13824,3437,6381,62.3,87.2,2026-10-28,원금균등,혼합,은행,13.1,Y
U0158,부산,수영구,N,연립,94.7,4527,7132,210,3575,63.5,66.4,2026-09-03,원리금균등,혼합,은행,16.8,Y
U0159,전북,익산시,N,연립,67.2,8538,11484,2169,6580,74.3,93.2,2026-10-08,원금균등,고정,은행,8.8,Y
U0160,경기,화성시,Y,아파트,51.3,69495,95991,12712,47913,72.4,85.6,2026-09-06,만기일시,혼합,2금융권,27.4,Y
U0161,서울,관악구,Y,아파트,33.9,19035,20225,1537,13573,94.1,101.7,2026-11-11,원금균등,변동,2금융권,6.3,Y
U0162,대전,중구,N,오피스텔,23.2,16839,19026,4435,11472,88.5,111.8,2026-09-24,원금균등,고정,은행,6.8,Y
U0163,인천,미추홀구,Y,단독,54.6,22483,30705,962,15146,73.2,76.4,2026-12-12,원금균등,혼합,2금융권,3.0,Y
U0164,세종,조치원읍,N,아파트,37.4,16279,24828,4716,11778,65.6,84.6,2026-11-23,원금균등,고정,은행,26.7,Y
U0165,경기,남양주시,Y,오피스텔,51.7,9886,16122,4321,6654,61.3,88.1,2026-10-19,만기일시,고정,은행,6.3,Y
U0166,서울,동작구,Y,다세대,19.0,32552,52324,17002,25222,62.2,94.7,2026-12-17,원리금균등,고정,은행,53.3,Y
U0167,광주,광산구,N,다세대,50.0,4558,7260,910,3276,62.8,75.3,2026-08-02,원리금균등,혼합,은행,4.8,Y
U0168,서울,서초구,Y,아파트,118.8,84239,106645,35894,60410,79.0,112.6,2026-07-15,원금균등,변동,은행,31.8,N
U0169,대전,유성구,N,아파트,66.6,13624,20895,1590,9013,65.2,72.8,2026-11-07,원리금균등,변동,2금융권,3.9,Y
U0170,대구,달서구,N,다세대,83.4,20609,32744,7245,13563,62.9,85.1,2026-09-26,만기일시,변동,은행,18.2,Y
U0171,경기,파주시,Y,아파트,95.6,50053,80306,5512,37159,62.3,69.2,2026-09-08,원리금균등,고정,2금융권,58.8,Y
U0172,충북,청주시,N,오피스텔,24.7,15865,18762,4784,10516,84.6,110.1,2026-09-07,만기일시,혼합,2금융권,4.6,Y
U0173,부산,수영구,N,다세대,69.1,3348,4000,398,2573,83.7,93.7,2026-07-20,원금균등,변동,은행,8.4,Y
U0174,대구,달서구,N,아파트,141.3,13433,22240,309,10590,60.4,61.8,2026-11-09,원금균등,혼합,은행,11.9,Y
U0175,전북,전주시,N,아파트,97.2,10816,14229,3015,7759,76.0,97.2,2026-12-21,원리금균등,변동,은행,14.8,Y
U0176,광주,서구,N,오피스텔,20.7,3075,4062,1383,2442,75.7,109.7,2026-12-17,만기일시,고정,2금융권,11.2,Y
U0177,광주,서구,N,연립,28.6,6269,6754,1807,4089,92.8,119.6,2026-10-20,원리금균등,혼합,2금융권,21.3,Y
U0178,인천,미추홀구,Y,다세대,58.4,31149,53541,9757,22357,58.2,76.4,2026-07-17,원리금균등,변동,은행,65.1,Y
U0179,경기,성남시,Y,아파트,98.6,81758,123818,17034,57110,66.0,79.8,2026-10-31,만기일시,혼합,2금융권,12.4,Y
U0180,인천,연수구,Y,다세대,21.4,9297,12411,3785,7246,74.9,105.4,2026-08-13,원리금균등,혼합,은행,16.7,Y
U0181,서울,광진구,Y,연립,52.0,22638,23896,7378,15659,94.7,125.6,2026-08-29,원리금균등,고정,은행,20.0,Y
U0182,충남,천안시,N,오피스텔,48.5,9524,10290,2768,6652,92.6,119.5,2026-07-24,원금균등,혼합,은행,11.2,Y
U0183,울산,북구,N,다세대,42.4,12745,24162,2992,8532,52.7,65.1,2026-11-17,만기일시,변동,은행,48.8,Y
U0184,경기,용인시,Y,아파트,55.5,33967,58480,6299,24660,58.1,68.9,2026-07-08,원리금균등,변동,은행,12.4,Y
U0185,경북,포항시,N,오피스텔,27.8,16637,21931,4113,11334,75.9,94.6,2026-10-05,원리금균등,혼합,은행,13.0,Y
U0186,세종,나성동,N,단독,41.3,12739,15271,2000,8352,83.4,96.5,2026-07-30,원금균등,변동,2금융권,11.6,Y
U0187,서울,구로구,Y,아파트,128.0,80006,106672,33198,53241,75.0,106.1,2026-09-24,원리금균등,변동,은행,80.3,Y
U0188,울산,남구,N,오피스텔,51.0,13695,16374,1784,10735,83.6,94.5,2026-07-19,원리금균등,고정,2금융권,24.1,Y
U0189,인천,연수구,Y,다세대,25.2,28873,47462,1616,20112,60.8,64.2,2026-11-03,원금균등,고정,은행,16.6,Y
U0190,전북,전주시,N,연립,49.2,16428,18743,3648,10853,87.6,107.1,2026-11-02,원금균등,변동,은행,11.8,Y
U0191,전북,익산시,N,아파트,99.8,8845,10021,1562,6158,88.3,103.9,2026-12-07,원리금균등,변동,은행,15.4,Y
U0192,세종,나성동,N,다세대,88.3,8439,15628,2378,6729,54.0,69.2,2026-07-29,만기일시,고정,2금융권,13.2,Y
U0193,서울,용산구,Y,다세대,54.6,9835,13542,4382,7632,72.6,105.0,2026-12-25,원리금균등,고정,은행,11.8,Y
U0194,충북,충주시,N,다세대,52.7,9428,11388,2410,6946,82.8,104.0,2026-09-05,만기일시,변동,은행,15.4,Y
U0195,경기,남양주시,Y,오피스텔,17.6,23644,40866,4470,15556,57.9,68.8,2026-07-09,원금균등,변동,2금융권,8.7,Y
U0196,전남,여수시,N,단독,66.1,8093,9065,1604,6294,89.3,107.0,2026-08-09,만기일시,고정,2금융권,16.2,Y
U0197,제주,제주시,N,오피스텔,48.6,10552,14516,3357,8008,72.7,95.8,2026-12-01,만기일시,혼합,은행,16.0,Y
U0198,서울,송파구,Y,아파트,109.0,87017,141876,2037,68540,61.3,62.8,2026-10-25,만기일시,혼합,2금융권,28.9,Y
U0199,서울,노원구,Y,아파트,44.6,46783,57847,5736,31764,80.9,90.8,2026-07-30,원리금균등,혼합,은행,24.4,Y
U0200,인천,서구,Y,연립,94.6,27850,45629,10661,21320,61.0,84.4,2026-07-25,원금균등,혼합,은행,13.4,Y
U0201,서울,강남구,Y,아파트,97.0,31547,45081,14145,21210,70.0,101.4,2026-07-16,만기일시,고정,은행,57.0,Y
U0202,대구,북구,N,아파트,66.9,3576,6785,1537,2520,52.7,75.4,2026-10-02,원리금균등,혼합,2금융권,2.7,Y
U0203,서울,서초구,Y,다세대,56.5,33914,59011,19963,22128,57.5,91.3,2026-10-01,만기일시,고정,은행,18.5,Y
U0204,서울,강남구,Y,오피스텔,51.8,7016,11012,3220,4628,63.7,93.0,2026-08-05,원금균등,변동,은행,7.3,Y
U0205,서울,관악구,Y,아파트,51.5,31004,47892,2236,23831,64.7,69.4,2026-10-11,원리금균등,고정,은행,42.1,Y
U0206,전북,전주시,N,다세대,73.2,14435,16237,4697,10035,88.9,117.8,2026-11-26,원리금균등,고정,2금융권,16.8,N
U0207,울산,남구,N,아파트,70.4,18200,30843,468,13851,59.0,60.5,2026-08-21,원리금균등,혼합,은행,12.2,Y
U0208,서울,광진구,Y,아파트,81.8,28861,45255,2820,20377,63.8,70.0,2026-08-25,만기일시,고정,은행,7.1,Y
U0209,인천,부평구,Y,아파트,129.0,50159,95117,19694,38901,52.7,73.4,2026-10-24,만기일시,혼합,은행,122.3,Y
U0210,대구,중구,N,연립,24.4,17185,28169,4009,11732,61.0,75.2,2026-09-06,만기일시,혼합,은행,13.7,Y
U0211,서울,노원구,Y,단독,71.8,22988,35377,2565,17303,65.0,72.2,2026-09-30,만기일시,혼합,은행,28.7,Y
U0212,대전,중구,N,아파트,86.6,20813,32117,10781,14183,64.8,98.4,2026-09-02,원금균등,고정,은행,26.4,Y
U0213,대구,달서구,N,오피스텔,35.1,4063,7367,744,3224,55.2,65.3,2026-09-15,원리금균등,변동,은행,14.6,Y
U0214,대전,중구,N,다세대,49.7,9184,14687,1677,6787,62.5,73.9,2026-11-24,원금균등,변동,은행,11.1,Y
U0215,경기,남양주시,Y,단독,30.4,7624,14445,2905,5460,52.8,72.9,2026-08-28,만기일시,혼합,은행,14.7,N
U0216,충남,아산시,N,다세대,40.8,19972,37431,9880,15960,53.4,79.8,2026-11-28,만기일시,혼합,은행,31.0,Y
U0217,경기,남양주시,Y,다세대,24.7,19865,24142,2685,14715,82.3,93.4,2026-12-24,원금균등,고정,은행,15.0,Y
U0218,경기,화성시,Y,다세대,49.9,29901,46593,2342,20796,64.2,69.2,2026-11-18,원금균등,고정,2금융권,45.7,Y
U0219,울산,북구,N,다세대,53.7,3023,3180,292,2398,95.1,104.2,2026-11-04,원리금균등,변동,2금융권,9.2,Y
U0220,대구,북구,N,연립,62.3,18983,22560,462,13249,84.1,86.2,2026-08-10,원금균등,고정,은행,11.8,Y
U0221,경기,안산시,Y,아파트,92.9,39427,46215,2215,27292,85.3,90.1,2026-10-20,원금균등,혼합,은행,17.4,Y
U0222,광주,광산구,N,아파트,116.4,4813,5580,1356,3625,86.3,110.6,2026-08-29,원리금균등,혼합,은행,2.5,Y
U0223,전북,전주시,N,다세대,33.4,15577,16743,853,11869,93.0,98.1,2026-12-02,원금균등,고정,2금융권,22.3,Y
U0224,대구,달서구,N,오피스텔,53.2,11757,19322,1252,8830,60.8,67.3,2026-10-05,원금균등,변동,은행,8.0,Y
U0225,대전,중구,N,아파트,143.3,10845,19285,6039,8355,56.2,87.5,2026-10-09,원리금균등,고정,은행,8.3,Y
U0226,서울,강서구,Y,오피스텔,19.6,29981,49961,4870,22696,60.0,69.8,2026-09-14,만기일시,혼합,은행,22.4,Y
U0227,경기,고양시,Y,아파트,102.8,71293,114919,20913,51604,62.0,80.2,2026-09-20,만기일시,변동,은행,18.3,Y
U0228,서울,강서구,Y,단독,86.1,9088,12869,1407,6438,70.6,81.6,2026-11-29,만기일시,변동,은행,7.9,Y
U0229,경기,수원시,Y,단독,66.1,15798,22337,7755,11245,70.7,105.4,2026-09-07,원리금균등,고정,은행,10.2,Y
U0230,서울,성북구,Y,아파트,76.7,56658,98419,3447,42565,57.6,61.1,2026-11-12,만기일시,고정,은행,23.7,Y
U0231,서울,서초구,Y,연립,34.1,28665,45973,4857,22090,62.4,72.9,2026-11-22,원금균등,고정,은행,22.8,Y
U0232,경남,김해시,N,오피스텔,47.4,3668,4477,725,2516,81.9,98.1,2026-09-21,원금균등,고정,2금융권,7.4,Y
U0233,대전,유성구,N,아파트,36.3,17899,23020,4437,13364,77.8,97.0,2026-11-08,원리금균등,고정,2금융권,10.4,Y
U0234,충남,아산시,N,연립,24.9,14197,24237,2659,11001,58.6,69.5,2026-09-05,원금균등,고정,은행,13.5,Y
U0235,전북,전주시,N,오피스텔,44.5,20847,34128,9422,14300,61.1,88.7,2026-09-24,만기일시,혼합,은행,11.2,Y
U0236,광주,서구,N,다세대,85.7,17451,24350,289,13611,71.7,72.9,2026-11-09,원금균등,혼합,2금융권,23.1,Y
U0237,서울,동작구,Y,아파트,50.7,52277,97978,28484,39964,53.4,82.4,2026-10-20,원금균등,변동,2금융권,29.6,Y
U0238,전남,목포시,N,오피스텔,58.8,6366,10479,619,4521,60.8,66.7,2026-09-11,원리금균등,고정,은행,18.5,Y
U0239,서울,용산구,Y,다세대,94.6,12772,20762,3040,9084,61.5,76.2,2026-09-19,원금균등,고정,은행,26.7,Y
U0240,인천,연수구,Y,오피스텔,59.9,33119,62003,12982,25245,53.4,74.4,2026-09-09,만기일시,변동,은행,15.5,Y
U0241,경기,안양시,Y,다세대,89.3,12771,22929,4919,9760,55.7,77.2,2026-09-25,원금균등,혼합,은행,12.0,N
U0242,부산,수영구,N,아파트,112.4,11961,17571,5202,9330,68.1,97.7,2026-07-30,원리금균등,혼합,은행,14.7,Y
U0243,대구,북구,N,아파트,42.1,18699,30117,4786,14834,62.1,78.0,2026-07-08,원금균등,혼합,은행,9.6,N
U0244,제주,서귀포시,N,아파트,128.5,5677,9722,970,4331,58.4,68.4,2026-08-06,원금균등,변동,은행,18.9,Y
U0245,대구,수성구,N,연립,92.9,15691,25113,6273,12390,62.5,87.5,2026-12-19,만기일시,고정,은행,8.6,Y
U0246,경기,광명시,Y,단독,45.4,22153,37734,215,16860,58.7,59.3,2026-08-22,원금균등,고정,은행,12.9,Y
U0247,경기,평택시,Y,다세대,84.9,33940,53001,9029,25210,64.0,81.1,2026-10-07,만기일시,변동,은행,41.6,Y
U0248,제주,제주시,N,아파트,119.2,5389,7591,309,4232,71.0,75.1,2026-10-28,원금균등,변동,2금융권,5.8,Y
U0249,서울,관악구,Y,다세대,70.3,29317,42941,10735,21379,68.3,93.3,2026-09-25,만기일시,고정,2금융권,24.8,Y
U0250,전북,익산시,N,아파트,65.9,16372,30547,8907,12295,53.6,82.8,2026-11-04,원리금균등,변동,은행,15.2,Y
U0251,광주,광산구,N,아파트,40.1,10897,17162,725,7449,63.5,67.7,2026-10-02,원금균등,혼합,2금융권,10.1,Y
U0252,서울,서초구,Y,아파트,103.6,79928,145816,8014,55456,54.8,60.3,2026-11-13,원금균등,혼합,은행,19.0,Y
U0253,경기,고양시,Y,단독,58.8,28404,33156,4976,22374,85.7,100.7,2026-11-16,만기일시,고정,은행,35.5,Y
U0254,전남,여수시,N,아파트,132.2,16165,28976,7318,11268,55.8,81.0,2026-09-16,만기일시,변동,은행,26.3,Y
U0255,서울,서초구,Y,아파트,104.2,13827,24982,4721,9524,55.3,74.2,2026-09-22,만기일시,변동,은행,17.6,Y
U0256,전남,목포시,N,아파트,64.9,17803,29511,6945,13480,60.3,83.9,2026-09-08,원리금균등,고정,은행,10.2,Y
U0257,충북,충주시,N,다세대,50.1,5675,8399,1425,4078,67.6,84.5,2026-11-15,만기일시,고정,은행,12.6,Y
U0258,서울,송파구,Y,다세대,21.7,31722,57280,4322,24517,55.4,62.9,2026-08-07,만기일시,고정,2금융권,12.9,Y
U0259,전북,익산시,N,아파트,133.8,9110,9920,2328,6527,91.8,115.3,2026-07-29,원리금균등,혼합,은행,12.9,Y
U0260,광주,북구,N,아파트,56.1,18679,32933,6680,12379,56.7,77.0,2026-09-27,원금균등,변동,은행,10.6,Y
U0261,광주,북구,N,다세대,40.9,4426,5183,1620,3048,85.4,116.7,2026-08-06,원리금균등,고정,은행,4.0,Y
U0262,전북,전주시,N,아파트,95.1,17812,23314,3319,11802,76.4,90.6,2026-08-28,원리금균등,고정,2금융권,18.1,Y
U0263,세종,조치원읍,N,다세대,57.3,3387,5684,1120,2354,59.6,79.3,2026-08-07,원리금균등,혼합,2금융권,1.9,Y
U0264,인천,미추홀구,Y,연립,87.4,24854,34825,10912,18777,71.4,102.7,2026-11-21,원리금균등,혼합,은행,13.3,Y
U0265,서울,강남구,Y,단독,70.4,25985,31514,9003,19327,82.5,111.0,2026-09-01,원리금균등,혼합,2금융권,61.7,Y
U0266,전남,목포시,N,아파트,47.4,3768,4788,955,2578,78.7,98.6,2026-09-15,원리금균등,혼합,은행,9.4,N
U0267,서울,강남구,Y,오피스텔,24.3,12616,17751,2789,8210,71.1,86.8,2026-07-27,만기일시,혼합,2금융권,15.0,Y
U0268,서울,강북구,Y,연립,91.8,29808,52116,9479,20434,57.2,75.4,2026-12-07,만기일시,변동,은행,21.4,Y
U0269,울산,북구,N,아파트,102.1,10517,18772,5174,7820,56.0,83.6,2026-11-02,원금균등,혼합,은행,32.8,Y
U0270,경기,평택시,Y,아파트,48.4,15438,17885,3659,11223,86.3,106.8,2026-10-06,원금균등,변동,은행,11.4,Y
U0271,인천,남동구,Y,아파트,107.8,66193,124750,26187,46313,53.1,74.1,2026-09-30,만기일시,고정,은행,42.7,Y
U0272,강원,춘천시,N,아파트,125.5,2631,2785,349,1929,94.5,107.0,2026-10-27,원리금균등,변동,2금융권,3.9,Y
U0273,대구,북구,N,오피스텔,28.0,7183,12485,2888,5683,57.5,80.7,2026-12-13,원금균등,혼합,은행,5.2,Y
U0274,서울,송파구,Y,아파트,47.2,51645,79867,13669,39203,64.7,81.8,2026-12-23,만기일시,고정,은행,44.8,Y
U0275,경기,화성시,Y,아파트,80.6,41412,49016,14452,28499,84.5,114.0,2026-07-28,원금균등,변동,은행,15.8,Y
U0276,인천,계양구,Y,오피스텔,37.6,23953,41151,13346,15923,58.2,90.6,2026-07-16,만기일시,고정,은행,13.0,Y
U0277,경기,고양시,Y,오피스텔,24.5,26423,32458,2655,19502,81.4,89.6,2026-11-03,만기일시,혼합,은행,14.7,Y
U0278,서울,노원구,Y,다세대,49.1,28138,42403,4839,18388,66.4,77.8,2026-08-11,원리금균등,혼합,2금융권,15.7,Y
U0279,서울,강남구,Y,단독,64.5,4832,5891,1879,3420,82.0,113.9,2026-09-19,만기일시,변동,은행,9.4,Y
U0280,서울,관악구,Y,다세대,30.2,21828,28677,2037,16535,76.1,83.2,2026-08-27,원리금균등,혼합,은행,31.6,Y
U0281,경기,파주시,Y,오피스텔,33.1,9567,15069,2279,6771,63.5,78.6,2026-11-29,원리금균등,고정,2금융권,16.0,Y
U0282,경기,부천시,Y,아파트,51.5,28175,30653,287,21014,91.9,92.9,2026-11-02,원금균등,고정,은행,24.2,Y
U0283,서울,강북구,Y,아파트,46.9,69833,83324,19580,45509,83.8,107.3,2026-10-27,원금균등,고정,은행,191.7,Y
U0284,대전,서구,N,오피스텔,23.2,2813,3020,15,2175,93.1,93.6,2026-07-23,원리금균등,혼합,은행,3.9,Y
U0285,부산,수영구,N,아파트,57.7,15330,19725,4307,10066,77.7,99.6,2026-10-20,원금균등,혼합,은행,5.1,N
U0286,경북,구미시,N,오피스텔,44.7,3817,4065,1298,2738,93.9,125.8,2026-09-04,만기일시,변동,2금융권,10.7,Y
U0287,세종,조치원읍,N,아파트,105.1,17330,25869,8851,12949,67.0,101.2,2026-07-13,원리금균등,혼합,은행,6.1,Y
U0288,광주,북구,N,아파트,94.5,18007,22035,3913,12856,81.7,99.5,2026-08-18,만기일시,고정,은행,12.2,Y
U0289,경남,김해시,N,아파트,75.7,19154,32467,10472,14160,59.0,91.2,2026-08-20,원금균등,고정,은행,12.0,Y
U0290,강원,강릉시,N,아파트,87.8,15000,23251,3327,9837,64.5,78.8,2026-10-13,만기일시,고정,2금융권,10.1,N
U0291,울산,중구,N,연립,70.4,7459,11650,3881,5790,64.0,97.3,2026-07-30,만기일시,혼합,은행,7.9,Y
U0292,경남,창원시,N,아파트,97.1,18052,31448,2961,12301,57.4,66.8,2026-09-23,원리금균등,혼합,2금융권,13.0,Y
U0293,서울,마포구,Y,단독,32.8,34471,61733,9523,27127,55.8,71.3,2026-12-16,원리금균등,고정,은행,49.4,Y
U0294,서울,강남구,Y,아파트,91.2,87041,111061,18889,66459,78.4,95.4,2026-10-01,원금균등,변동,은행,335.3,Y
U0295,제주,서귀포시,N,오피스텔,48.6,7346,10535,2530,5733,69.7,93.7,2026-12-23,원리금균등,고정,은행,15.1,Y
U0296,경북,구미시,N,아파트,54.8,5292,7896,1580,4120,67.0,87.0,2026-08-08,원금균등,혼합,은행,13.7,Y
U0297,세종,나성동,N,단독,35.0,7524,10946,3438,5030,68.7,100.1,2026-11-20,만기일시,혼합,은행,12.8,Y
U0298,서울,강북구,Y,아파트,115.9,85102,143220,5820,60011,59.4,63.5,2026-10-12,만기일시,혼합,은행,26.1,Y
U0299,울산,남구,N,연립,53.1,14229,16705,3890,10959,85.2,108.5,2026-12-07,원금균등,고정,2금융권,47.6,Y
U0300,제주,제주시,N,오피스텔,47.5,8332,14521,4637,5615,57.4,89.3,2026-10-15,원금균등,변동,은행,10.2,Y
U0301,광주,북구,N,연립,33.0,11528,13528,1306,8452,85.2,94.9,2026-11-24,원리금균등,혼합,은행,29.5,Y
U0302,충남,천안시,N,단독,30.5,8379,13432,746,5609,62.4,67.9,2026-11-13,원리금균등,고정,은행,18.3,Y
U0303,충남,천안시,N,연립,27.2,15582,20291,2376,10395,76.8,88.5,2026-09-12,만기일시,변동,은행,29.8,Y
U0304,인천,연수구,Y,아파트,54.8,23415,38580,1699,17972,60.7,65.1,2026-12-18,원금균등,변동,2금융권,8.8,Y
U0305,서울,송파구,Y,단독,81.5,14682,19854,1077,11544,73.9,79.4,2026-07-14,만기일시,변동,2금융권,30.3,Y
U0306,충남,천안시,N,연립,23.6,14955,20255,1774,10653,73.8,82.6,2026-11-02,원리금균등,변동,은행,8.1,Y
U0307,경기,고양시,Y,연립,49.3,12994,18930,2662,8966,68.6,82.7,2026-12-09,원금균등,변동,은행,3.8,Y
U0308,경남,창원시,N,연립,129.5,5293,10294,856,3692,51.4,59.7,2026-09-06,만기일시,변동,은행,12.0,Y
U0309,충남,천안시,N,오피스텔,79.8,7735,14435,1616,5307,53.6,64.8,2026-07-04,원리금균등,혼합,은행,9.3,Y
U0310,경남,창원시,N,다세대,71.1,5402,7802,812,4090,69.2,79.6,2026-10-03,만기일시,혼합,은행,35.5,Y
U0311,서울,강남구,Y,연립,129.2,31180,35957,3214,22452,86.7,95.7,2026-10-22,만기일시,고정,은행,32.0,Y
U0312,경남,창원시,N,오피스텔,71.9,16779,24952,927,11171,67.2,71.0,2026-08-24,원리금균등,변동,은행,31.9,Y
U0313,부산,해운대구,N,다세대,75.8,10956,16867,804,8520,65.0,69.7,2026-10-02,원금균등,고정,은행,11.7,Y
U0314,경남,창원시,N,단독,69.4,8463,10517,1229,5671,80.5,92.2,2026-11-15,원리금균등,변동,2금융권,19.2,Y
U0315,대구,수성구,N,단독,53.3,10178,11828,1625,7911,86.1,99.8,2026-09-14,원금균등,고정,은행,25.2,Y
U0316,경기,고양시,Y,단독,117.7,15371,27836,4003,11795,55.2,69.6,2026-12-22,만기일시,혼합,은행,23.7,Y
U0317,경남,창원시,N,연립,69.1,4221,7753,102,3168,54.4,55.8,2026-10-20,원금균등,혼합,2금융권,12.5,Y
U0318,충남,천안시,N,오피스텔,91.5,7190,8218,884,5590,87.5,98.2,2026-12-18,원리금균등,고정,은행,27.0,Y
U0319,서울,마포구,Y,다세대,83.9,37445,44893,1911,28078,83.4,87.7,2026-12-04,원금균등,변동,2금융권,4.0,Y
U0320,경기,고양시,Y,단독,127.5,10101,19360,2325,7623,52.2,64.2,2026-11-23,원금균등,고정,은행,7.4,Y
U0321,충남,천안시,N,아파트,124.0,9927,19065,1762,6710,52.1,61.3,2026-07-11,원리금균등,혼합,2금융권,19.0,Y
U0322,광주,북구,N,아파트,25.9,5983,8632,523,4009,69.3,75.4,2026-12-08,원리금균등,고정,은행,24.4,Y
U0323,광주,북구,N,다세대,70.0,13852,18563,1816,10144,74.6,84.4,2026-08-12,원금균등,변동,은행,20.9,Y
U0324,서울,강남구,Y,아파트,29.4,9506,11594,96,6626,82.0,82.8,2026-08-02,만기일시,혼합,2금융권,33.0,Y
U0325,경기,고양시,Y,다세대,28.8,21334,42323,1327,14398,50.4,53.5,2026-09-23,만기일시,혼합,은행,32.4,Y
U0326,서울,강남구,Y,오피스텔,23.6,10933,15932,1401,7506,68.6,77.4,2026-12-23,만기일시,변동,은행,26.5,Y
U0327,광주,북구,N,오피스텔,44.3,9541,13837,1102,7514,69.0,76.9,2026-10-18,원금균등,고정,은행,9.7,Y
U0328,경남,창원시,N,오피스텔,75.2,18983,22512,2433,12663,84.3,95.1,2026-12-14,만기일시,혼합,은행,25.9,Y
U0329,충남,천안시,N,단독,70.4,17001,25125,3685,11266,67.7,82.3,2026-08-15,원금균등,혼합,2금융권,31.8,Y
U0330,대구,수성구,N,오피스텔,44.5,12410,24736,1909,9733,50.2,57.9,2026-11-17,만기일시,고정,2금융권,15.2,Y
U0331,충남,천안시,N,오피스텔,83.8,12890,19679,403,9733,65.5,67.5,2026-11-17,원리금균등,변동,2금융권,20.4,Y
U0332,서울,마포구,Y,단독,67.0,24334,41291,2015,17973,58.9,63.8,2026-12-17,원금균등,고정,은행,14.3,Y
U0333,경남,창원시,N,단독,55.1,9171,10880,1285,6101,84.3,96.1,2026-09-18,원리금균등,혼합,은행,18.2,Y
U0334,경기,고양시,Y,단독,45.5,8555,11179,347,5562,76.5,79.6,2026-08-08,원리금균등,변동,은행,20.8,Y
U0335,서울,송파구,Y,단독,27.9,9273,17887,1236,6093,51.8,58.8,2026-08-04,원리금균등,혼합,은행,9.6,Y
U0336,대전,서구,N,오피스텔,110.0,6939,8743,1121,5138,79.4,92.2,2026-08-25,만기일시,고정,2금융권,14.1,Y
U0337,서울,강남구,Y,다세대,76.7,25171,32729,3625,18603,76.9,88.0,2026-08-04,만기일시,고정,은행,9.1,Y
U0338,경기,고양시,Y,오피스텔,86.0,7853,10818,478,5806,72.6,77.0,2026-10-05,원리금균등,혼합,은행,24.4,Y
U0339,충남,천안시,N,연립,63.1,7952,14844,1980,5346,53.6,66.9,2026-09-26,원리금균등,고정,은행,33.1,Y
U0340,경기,고양시,Y,연립,67.1,34435,41543,4973,22502,82.9,94.9,2026-07-06,만기일시,혼합,2금융권,34.1,Y
U0341,서울,마포구,Y,아파트,98.4,15933,20961,1067,10592,76.0,81.1,2026-09-21,원금균등,혼합,은행,10.1,Y
U0342,서울,송파구,Y,아파트,137.4,30436,36532,4940,20111,83.3,96.8,2026-12-12,원리금균등,혼합,은행,6.4,Y
U0343,경기,고양시,Y,오피스텔,31.6,25842,39524,4505,20446,65.4,76.8,2026-09-04,원리금균등,혼합,은행,12.3,Y
U0344,서울,강남구,Y,오피스텔,53.0,35875,42840,4995,26206,83.7,95.4,2026-10-23,원금균등,변동,은행,36.3,Y
U0345,인천,연수구,Y,다세대,30.4,28391,41955,2520,22664,67.7,73.7,2026-07-23,만기일시,혼합,은행,8.4,Y
U0346,경기,성남시,Y,오피스텔,28.1,27158,44761,416,20228,60.7,61.6,2026-09-14,원금균등,고정,은행,28.4,Y
U0347,인천,연수구,Y,연립,114.2,37397,44566,5011,28010,83.9,95.2,2026-08-09,원금균등,혼합,은행,28.8,Y
U0348,서울,송파구,Y,아파트,19.3,7236,13529,1354,5057,53.5,63.5,2026-10-22,원리금균등,고정,2금융권,11.6,Y
U0349,경남,창원시,N,오피스텔,107.0,16337,22147,1064,12298,73.8,78.6,2026-10-01,원금균등,변동,2금융권,24.4,Y
U0350,경남,창원시,N,아파트,68.3,21536,26249,3851,15550,82.0,96.7,2026-11-17,원금균등,혼합,은행,13.1,Y
U0351,대전,서구,N,단독,43.7,4469,8088,939,3574,55.3,66.9,2026-08-06,만기일시,고정,은행,24.7,Y
U0352,경기,성남시,Y,다세대,140.0,19934,28878,2972,14501,69.0,79.3,2026-10-03,원리금균등,혼합,2금융권,14.1,Y
U0353,충남,천안시,N,단독,28.1,5605,10105,1332,4092,55.5,68.6,2026-08-02,원금균등,고정,은행,18.3,Y
U0354,부산,해운대구,N,연립,51.3,4635,7133,789,3534,65.0,76.0,2026-08-20,원금균등,고정,은행,10.3,Y
U0355,대전,서구,N,단독,61.3,22387,26918,776,15522,83.2,86.1,2026-08-20,원리금균등,변동,은행,32.0,Y
U0356,부산,해운대구,N,단독,32.0,8743,12239,1242,6856,71.4,81.6,2026-07-21,원금균등,혼합,2금융권,19.4,Y
U0357,서울,강남구,Y,연립,102.6,7238,12767,257,5096,56.7,58.7,2026-08-02,원금균등,변동,은행,24.4,Y
U0358,부산,해운대구,N,연립,39.4,16696,23855,3566,13228,70.0,84.9,2026-07-03,원금균등,혼합,은행,37.3,Y
U0359,경남,창원시,N,오피스텔,79.2,11978,18280,1183,9461,65.5,72.0,2026-11-11,만기일시,고정,은행,22.9,Y
U0360,인천,연수구,Y,연립,136.0,11937,16723,1895,8828,71.4,82.7,2026-08-03,만기일시,혼합,2금융권,16.7,Y
U0361,경남,창원시,N,연립,76.0,4855,9670,1141,3427,50.2,62.0,2026-12-16,원리금균등,고정,은행,30.1,Y
U0362,서울,마포구,Y,다세대,46.0,26089,38194,3233,18405,68.3,76.8,2026-12-04,원금균등,고정,2금융권,32.3,Y
U0363,경기,성남시,Y,연립,30.4,20899,29923,961,14663,69.8,73.1,2026-08-03,원금균등,혼합,은행,31.3,Y
U0364,대전,서구,N,연립,87.5,13940,27050,2863,11017,51.5,62.1,2026-08-21,만기일시,혼합,은행,32.2,Y
U0365,서울,송파구,Y,오피스텔,123.9,23816,27487,388,18445,86.6,88.1,2026-07-27,원금균등,혼합,2금융권,7.4,Y
U0366,서울,송파구,Y,연립,79.4,12334,23094,268,9149,53.4,54.6,2026-11-03,원리금균등,고정,은행,37.2,Y
U0367,대구,수성구,N,단독,70.8,9420,13379,1256,6995,70.4,79.8,2026-10-24,원금균등,혼합,은행,6.2,Y
U0368,부산,해운대구,N,단독,95.3,8802,14999,1624,5862,58.7,69.5,2026-08-16,원금균등,변동,은행,18.3,Y
U0369,대전,서구,N,연립,69.6,6016,11505,1418,4296,52.3,64.6,2026-09-18,원리금균등,혼합,은행,15.2,Y
U0370,경기,성남시,Y,오피스텔,77.0,19699,35827,1067,13609,55.0,58.0,2026-10-16,원리금균등,고정,은행,9.9,Y
U0371,서울,강남구,Y,오피스텔,22.6,9838,17941,1480,7104,54.8,63.1,2026-08-22,원금균등,혼합,2금융권,18.7,Y
U0372,인천,연수구,Y,아파트,60.4,13145,22293,2551,10254,59.0,70.4,2026-12-17,만기일시,변동,2금융권,34.8,Y
U0373,서울,강남구,Y,다세대,133.9,13223,16084,2400,9218,82.2,97.1,2026-07-11,만기일시,고정,은행,35.9,Y
U0374,서울,송파구,Y,다세대,71.8,22961,38231,5237,15734,60.1,73.8,2026-07-26,원리금균등,변동,은행,18.0,Y
U0375,서울,송파구,Y,다세대,67.3,11494,16487,2003,8111,69.7,81.9,2026-07-07,원리금균등,고정,은행,19.8,Y
U0376,충남,천안시,N,아파트,48.6,18506,27298,821,12832,67.8,70.8,2026-08-22,원리금균등,혼합,2금융권,12.3,Y
U0377,부산,해운대구,N,오피스텔,21.3,8359,9851,1257,6520,84.9,97.6,2026-12-15,원리금균등,고정,2금융권,7.5,Y
U0378,경기,고양시,Y,아파트,56.5,14320,24249,1829,10156,59.1,66.6,2026-11-22,만기일시,혼합,은행,28.8,Y
U0379,대구,수성구,N,아파트,43.3,4700,7157,939,3745,65.7,78.8,2026-08-13,만기일시,혼합,2금융권,14.8,Y
U0380,서울,강남구,Y,단독,87.8,19679,38457,2286,15004,51.2,57.1,2026-10-07,원금균등,혼합,2금융권,34.0,Y
U0381,경남,창원시,N,아파트,76.6,11730,17227,1161,9052,68.1,74.8,2026-10-02,원금균등,혼합,은행,37.0,Y
U0382,인천,연수구,Y,아파트,59.6,8211,10083,877,6423,81.4,90.1,2026-08-18,원금균등,변동,2금융권,18.7,Y
U0383,인천,연수구,Y,다세대,78.0,25129,40735,1323,17445,61.7,64.9,2026-12-16,원리금균등,고정,은행,24.8,Y
U0384,경기,고양시,Y,연립,49.2,21091,35744,4448,15288,59.0,71.4,2026-10-03,원금균등,혼합,은행,21.5,Y
U0385,경남,창원시,N,아파트,46.5,10801,18546,264,8266,58.2,59.7,2026-10-20,만기일시,고정,은행,8.4,Y
U0386,부산,해운대구,N,단독,34.5,18424,22390,3354,12702,82.3,97.3,2026-08-18,원금균등,혼합,2금융권,21.4,Y
U0387,경남,창원시,N,단독,54.1,21004,26144,1055,15419,80.3,84.4,2026-08-14,원금균등,변동,은행,29.2,Y
U0388,대구,수성구,N,오피스텔,19.4,13385,25511,210,10404,52.5,53.3,2026-07-05,원금균등,변동,은행,18.5,Y
U0389,부산,해운대구,N,단독,49.5,15771,21670,3098,11101,72.8,87.1,2026-09-20,원리금균등,혼합,은행,27.9,Y
U0390,서울,강남구,Y,연립,135.9,19525,29706,787,13280,65.7,68.4,2026-10-26,원금균등,고정,2금융권,36.3,Y
U0391,대전,서구,N,다세대,66.2,10469,14596,336,8138,71.7,74.0,2026-11-15,원금균등,혼합,은행,36.9,Y
U0392,인천,연수구,Y,다세대,83.2,25762,30233,1169,17327,85.2,89.1,2026-09-03,만기일시,혼합,은행,5.5,Y
U0393,충남,천안시,N,아파트,36.9,9001,16253,372,6039,55.4,57.7,2026-11-06,원금균등,혼합,은행,12.8,Y
U0394,대전,서구,N,오피스텔,52.0,3601,5134,457,2526,70.1,79.0,2026-12-12,만기일시,고정,2금융권,36.0,Y
U0395,인천,연수구,Y,아파트,47.9,15945,28691,1447,12379,55.6,60.6,2026-12-14,원리금균등,고정,2금융권,19.6,Y
U0396,대구,수성구,N,단독,106.4,14544,21698,909,10611,67.0,71.2,2026-12-27,원리금균등,고정,은행,4.1,Y
U0397,광주,북구,N,오피스텔,103.8,10966,13309,1141,7192,82.4,91.0,2026-08-16,원금균등,변동,은행,29.1,Y
U0398,부산,해운대구,N,연립,79.2,13613,23984,2205,9388,56.8,66.0,2026-08-02,만기일시,고정,은행,12.6,Y
U0399,경남,창원시,N,연립,68.5,4235,6033,284,3289,70.2,74.9,2026-09-25,원리금균등,변동,2금융권,31.2,Y
U0400,대전,서구,N,단독,35.5,4385,7251,450,3108,60.5,66.7,2026-07-23,원금균등,고정,은행,34.3,Y
U0401,대구,수성구,N,다세대,52.7,4489,5174,650,3032,86.8,99.3,2026-08-23,원리금균등,변동,은행,35.5,Y
U0402,대전,서구,N,오피스텔,56.8,6616,7729,1037,5013,85.6,99.0,2026-08-14,원금균등,변동,은행,38.0,Y
U0403,서울,송파구,Y,연립,98.9,22101,33581,957,16703,65.8,68.7,2026-10-02,원금균등,고정,은행,14.9,Y
U0404,인천,연수구,Y,다세대,35.3,7158,11182,426,5325,64.0,67.8,2026-09-09,원금균등,고정,은행,30.0,Y
U0405,충남,천안시,N,연립,67.6,12530,23410,1973,9098,53.5,62.0,2026-07-20,만기일시,혼합,은행,24.4,Y
U0406,인천,연수구,Y,다세대,127.0,16272,21204,649,11064,76.7,79.8,2026-07-08,원리금균등,고정,2금융권,24.4,Y
U0407,서울,강남구,Y,오피스텔,139.7,14444,20687,1337,9559,69.8,76.3,2026-10-11,원금균등,고정,은행,13.1,Y
U0408,대구,수성구,N,오피스텔,56.3,7261,12622,1086,5129,57.5,66.1,2026-08-23,원리금균등,고정,은행,27.1,Y
U0409,인천,연수구,Y,오피스텔,74.3,32741,40051,534,22434,81.7,83.1,2026-07-13,원금균등,혼합,2금융권,20.1,Y
U0410,경기,고양시,Y,연립,39.6,24797,38788,3033,17254,63.9,71.7,2026-11-07,만기일시,변동,은행,33.5,Y
U0411,대구,수성구,N,단독,41.7,4730,6032,65,3082,78.4,79.5,2026-10-09,원금균등,고정,은행,9.6,Y
U0412,경기,성남시,Y,오피스텔,107.9,34520,40415,4133,25220,85.4,95.6,2026-12-14,원금균등,고정,은행,21.5,Y
U0413,광주,북구,N,단독,64.0,4915,6359,559,3900,77.3,86.1,2026-07-16,원리금균등,변동,은행,29.5,Y
U0414,충남,천안시,N,다세대,24.7,8528,11565,932,5892,73.7,81.8,2026-12-15,만기일시,혼합,은행,6.2,Y
U0415,대전,서구,N,다세대,42.6,10849,16954,128,8588,64.0,64.7,2026-07-11,원금균등,혼합,은행,14.8,Y
U0416,광주,북구,N,다세대,20.2,12073,17009,540,9084,71.0,74.2,2026-11-21,만기일시,변동,은행,4.9,Y
U0417,대구,수성구,N,아파트,28.8,7786,13284,1093,5718,58.6,66.8,2026-11-10,만기일시,변동,2금융권,8.3,Y
U0418,대구,수성구,N,단독,46.8,14780,22973,42,10360,64.3,64.5,2026-10-23,원리금균등,고정,은행,36.9,Y
U0419,대구,수성구,N,아파트,52.1,18423,25076,2551,13643,73.5,83.6,2026-08-11,원금균등,고정,은행,25.9,Y
U0420,서울,강남구,Y,오피스텔,18.3,21589,42342,5310,15474,51.0,63.5,2026-07-24,원금균등,고정,은행,17.1,Y
U0421,경남,창원시,N,연립,20.1,11329,15034,1030,7608,75.4,82.2,2026-09-17,만기일시,고정,은행,15.3,Y
U0422,대전,서구,N,아파트,40.6,8755,10251,878,6069,85.4,94.0,2026-09-19,원리금균등,혼합,은행,34.1,Y
U0423,충남,천안시,N,단독,70.7,7080,11596,1533,5307,61.1,74.3,2026-08-23,원리금균등,혼합,은행,31.5,Y
U0424,경기,성남시,Y,오피스텔,55.9,12263,17855,2158,8830,68.7,80.8,2026-12-09,원금균등,변동,은행,19.5,Y
U0425,부산,해운대구,N,오피스텔,34.8,15851,20299,727,11518,78.1,81.7,2026-07-26,원금균등,변동,2금융권,37.5,Y
U0426,광주,북구,N,오피스텔,60.4,14454,21319,2854,11502,67.8,81.2,2026-08-02,원리금균등,고정,은행,33.1,Y
U0427,서울,마포구,Y,다세대,76.9,14492,18157,372,9425,79.8,81.9,2026-11-09,원리금균등,변동,은행,12.5,Y
U0428,서울,마포구,Y,다세대,32.9,21503,37179,1040,16312,57.8,60.6,2026-09-15,만기일시,고정,2금융권,30.9,Y
U0429,부산,해운대구,N,연립,93.9,12581,16628,2097,9686,75.7,88.3,2026-08-24,원리금균등,고정,2금융권,15.4,Y
U0430,광주,북구,N,다세대,83.2,17133,26504,3323,13312,64.6,77.2,2026-07-03,원금균등,변동,은행,26.8,Y
U0431,경기,고양시,Y,아파트,20.6,21473,41527,5439,14048,51.7,64.8,2026-09-16,원금균등,고정,은행,18.2,Y
U0432,광주,북구,N,연립,122.6,12818,21936,1484,9568,58.4,65.2,2026-09-26,원금균등,변동,은행,4.6,Y
U0433,서울,마포구,Y,단독,121.3,12578,20226,2299,8990,62.2,73.6,2026-08-21,원리금균등,변동,은행,21.4,Y
U0434,인천,연수구,Y,오피스텔,28.7,10155,16804,1011,6743,60.4,66.4,2026-10-09,원금균등,고정,은행,10.8,Y
U0435,인천,연수구,Y,단독,43.3,13346,23109,2159,10539,57.8,67.1,2026-08-05,원금균등,혼합,은행,25.7,Y
U0436,경기,고양시,Y,오피스텔,85.4,14669,17788,91,9889,82.5,83.0,2026-11-04,만기일시,변동,은행,26.9,Y
U0437,서울,강남구,Y,아파트,94.3,28553,32636,1089,19774,87.5,90.8,2026-11-12,원리금균등,고정,2금융권,36.5,Y
U0438,경기,고양시,Y,단독,35.0,33647,41904,6095,24610,80.3,94.8,2026-07-10,원리금균등,혼합,은행,9.4,Y
U0439,충남,천안시,N,다세대,22.4,5458,9011,134,3745,60.6,62.1,2026-09-02,만기일시,변동,은행,24.4,Y
U0440,충남,천안시,N,오피스텔,56.9,12337,15749,199,8223,78.3,79.6,2026-08-03,만기일시,혼합,은행,34.1,Y
U0441,대전,서구,N,오피스텔,118.1,4997,9025,361,3531,55.4,59.4,2026-09-22,원금균등,고정,은행,11.1,Y
U0442,서울,마포구,Y,오피스텔,98.7,31327,35982,2488,24528,87.1,94.0,2026-10-14,원리금균등,혼합,2금융권,24.5,Y
U0443,인천,연수구,Y,연립,47.6,7577,11557,315,4943,65.6,68.3,2026-10-27,원리금균등,혼합,2금융권,33.4,Y
U0444,광주,북구,N,다세대,133.1,7094,12274,835,5585,57.8,64.6,2026-10-05,만기일시,변동,은행,4.7,Y
U0445,경기,성남시,Y,단독,61.3,6053,9848,376,4344,61.5,65.3,2026-09-18,원리금균등,고정,은행,12.5,Y
U0446,광주,북구,N,연립,88.1,3749,7261,785,2873,51.6,62.4,2026-11-02,원금균등,고정,은행,37.9,Y
U0447,경기,성남시,Y,아파트,21.8,21722,38060,1893,17103,57.1,62.0,2026-09-09,만기일시,혼합,2금융권,8.0,Y
U0448,광주,북구,N,아파트,18.3,20945,27645,166,15207,75.8,76.4,2026-12-17,만기일시,혼합,은행,9.1,Y
U0449,충남,천안시,N,연립,126.9,9899,13925,196,7804,71.1,72.5,2026-07-22,만기일시,혼합,2금융권,17.6,Y
U0450,서울,마포구,Y,오피스텔,126.8,24051,38444,1581,18142,62.6,66.7,2026-08-04,만기일시,혼합,은행,9.8,Y
U0451,경기,성남시,Y,다세대,54.7,29511,41337,5699,20711,71.4,85.2,2026-08-08,만기일시,변동,은행,37.0,Y
U0452,경기,고양시,Y,연립,68.4,5984,9519,325,4743,62.9,66.3,2026-08-04,만기일시,혼합,은행,25.5,Y
U0453,서울,강남구,Y,아파트,24.0,7094,12392,1187,5072,57.2,66.8,2026-10-13,원금균등,변동,은행,20.2,Y
U0454,대구,수성구,N,다세대,57.6,3601,6953,64,2379,51.8,52.7,2026-07-26,만기일시,혼합,은행,24.6,Y
U0455,광주,북구,N,아파트,32.7,15531,18899,1152,12294,82.2,88.3,2026-12-14,원리금균등,혼합,은행,15.8,Y
U0456,부산,해운대구,N,다세대,43.9,12336,15377,1359,8079,80.2,89.1,2026-10-04,만기일시,고정,은행,20.3,Y
U0457,대구,수성구,N,아파트,74.4,10965,19890,1315,7395,55.1,61.7,2026-12-10,원금균등,혼합,은행,35.0,Y
U0458,광주,북구,N,연립,82.3,10245,17018,353,6702,60.2,62.3,2026-08-20,만기일시,혼합,은행,6.9,Y
U0459,경기,고양시,Y,연립,33.3,18024,32718,2508,13391,55.1,62.8,2026-07-02,만기일시,혼합,2금융권,33.1,Y
U0460,충남,천안시,N,연립,55.1,7979,9128,339,5579,87.4,91.1,2026-09-09,원금균등,고정,은행,12.2,Y
U0461,서울,강남구,Y,오피스텔,86.1,8995,10263,1204,6915,87.6,99.4,2026-12-07,원금균등,변동,은행,13.1,Y
U0462,경기,성남시,Y,연립,136.3,14947,22501,2790,10980,66.4,78.8,2026-08-12,원금균등,혼합,2금융권,22.7,Y
U0463,대전,서구,N,다세대,74.4,6457,7970,857,4598,81.0,91.8,2026-11-27,원금균등,변동,은행,28.1,Y
U0464,경남,창원시,N,단독,75.3,10752,19016,1549,7165,56.5,64.7,2026-11-17,원금균등,혼합,은행,6.8,Y
U0465,경기,고양시,Y,연립,114.9,19356,34647,1577,15153,55.9,60.4,2026-09-07,원리금균등,고정,은행,19.8,Y
U0466,광주,북구,N,연립,77.7,19368,26294,2028,13125,73.7,81.4,2026-11-08,만기일시,고정,2금융권,19.9,Y
U0467,경기,고양시,Y,다세대,78.4,8517,10634,640,6559,80.1,86.1,2026-12-11,원리금균등,변동,2금융권,13.2,Y
U0468,경기,고양시,Y,단독,85.2,10617,19326,1452,7129,54.9,62.4,2026-08-07,원리금균등,변동,은행,26.0,Y
U0469,경남,창원시,N,오피스텔,55.0,7146,10645,1334,5593,67.1,79.7,2026-08-19,만기일시,변동,은행,6.7,Y
U0470,광주,북구,N,오피스텔,34.3,4707,9058,1027,3666,52.0,63.3,2026-09-21,원리금균등,혼합,은행,10.1,Y
U0471,서울,송파구,Y,오피스텔,41.8,11650,21227,1209,8639,54.9,60.6,2026-11-08,원리금균등,변동,2금융권,33.7,Y
U0472,광주,북구,N,오피스텔,53.8,12349,19148,111,9419,64.5,65.1,2026-10-27,원금균등,고정,은행,3.9,Y
U0473,경기,고양시,Y,다세대,126.5,33806,40746,4635,26295,83.0,94.3,2026-12-23,원금균등,혼합,2금융권,35.7,Y
U0474,부산,해운대구,N,연립,29.0,19177,22409,3048,15269,85.6,99.2,2026-10-06,원리금균등,변동,2금융권,18.4,Y
U0475,부산,해운대구,N,연립,35.3,17611,22421,1562,12181,78.5,85.5,2026-07-26,원리금균등,고정,2금융권,14.4,Y
U0476,충남,천안시,N,다세대,68.0,10842,15789,1668,8611,68.7,79.2,2026-10-03,원금균등,혼합,2금융권,10.9,Y
U0477,서울,강남구,Y,연립,36.1,21878,29243,2846,14271,74.8,84.5,2026-11-08,원리금균등,고정,은행,3.7,Y
U0478,서울,강남구,Y,오피스텔,73.5,13357,20160,846,10221,66.3,70.5,2026-09-17,원리금균등,변동,은행,28.3,Y
U0479,경남,창원시,N,오피스텔,61.1,4746,5918,251,3517,80.2,84.4,2026-11-02,만기일시,혼합,2금융권,27.7,Y
U0480,경기,고양시,Y,연립,80.7,4888,9572,970,3414,51.1,61.2,2026-08-16,원리금균등,고정,은행,19.3,Y
U0481,경남,창원시,N,연립,136.1,13631,15663,92,9381,87.0,87.6,2026-12-14,원리금균등,혼합,은행,21.3,Y
U0482,충남,천안시,N,오피스텔,115.1,5587,7410,903,4318,75.4,87.6,2026-07-14,원리금균등,변동,2금융권,16.5,Y
U0483,부산,해운대구,N,다세대,78.1,6963,9769,786,5081,71.3,79.3,2026-11-22,원금균등,고정,은행,20.4,Y
U0484,인천,연수구,Y,아파트,81.3,29785,35766,1584,23579,83.3,87.7,2026-11-20,원리금균등,고정,은행,37.6,Y
U0485,경기,성남시,Y,다세대,31.4,24056,43338,3392,15834,55.5,63.3,2026-08-18,원리금균등,혼합,은행,6.1,Y
U0486,경남,창원시,N,연립,18.9,9276,17482,848,6161,53.1,57.9,2026-12-13,만기일시,변동,은행,28.1,Y
U0487,광주,북구,N,다세대,23.8,4280,5989,492,3245,71.5,79.7,2026-08-25,원리금균등,혼합,은행,34.6,Y
U0488,광주,북구,N,아파트,105.8,15370,23675,1112,11884,64.9,69.6,2026-12-12,원금균등,혼합,은행,35.4,Y
U0489,서울,송파구,Y,연립,28.7,28166,43323,5199,20784,65.0,77.0,2026-12-06,원리금균등,고정,은행,27.3,Y
U0490,부산,해운대구,N,오피스텔,53.6,5346,8849,967,4215,60.4,71.3,2026-08-15,원리금균등,변동,은행,9.2,Y
U0491,대전,서구,N,연립,90.3,8842,11785,989,6691,75.0,83.4,2026-08-02,만기일시,변동,은행,14.3,Y
U0492,대전,서구,N,다세대,93.4,14745,17616,1017,10731,83.7,89.5,2026-11-13,원금균등,혼합,2금융권,28.6,Y
U0493,서울,강남구,Y,연립,20.1,14378,28043,1611,10834,51.3,57.0,2026-09-22,원금균등,고정,은행,21.8,Y
U0494,대전,서구,N,오피스텔,48.3,2915,5747,348,2315,50.7,56.8,2026-08-20,원리금균등,혼합,은행,30.6,Y
U0495,경남,창원시,N,아파트,23.3,12710,23557,473,9641,54.0,56.0,2026-07-27,원금균등,변동,은행,21.2,Y
U0496,충남,천안시,N,아파트,64.2,5393,10305,693,3793,52.3,59.1,2026-07-13,원리금균등,고정,은행,9.5,Y
U0497,충남,천안시,N,연립,86.8,10702,18873,1575,8131,56.7,65.1,2026-08-11,만기일시,혼합,은행,16.5,Y
U0498,대구,수성구,N,아파트,27.9,6985,12162,1459,4735,57.4,69.4,2026-09-15,원리금균등,혼합,은행,4.1,Y
U0499,충남,천안시,N,다세대,132.4,4949,5629,404,3373,87.9,95.1,2026-12-02,원금균등,변동,2금융권,13.1,Y
U0500,서울,송파구,Y,연립,56.9,8470,11697,1420,6182,72.4,84.6,2026-09-09,만기일시,혼합,2금융권,37.9,Y
