user_id,age,birth_year,birth_month,gender,employment_type,marital_status,marriage_years,has_newborn_within_2y,is_household_head,is_homeless,annual_income,spouse_income,combined_annual_income,credit_score_kcb,total_existing_debt,net_asset,has_existing_jeonse_loan
U0001,35,1991,12,여,계약직,기혼,4,N,Y,N,3609,1294,4903,795,6383,0,N
U0002,35,1991,12,여,계약직,기혼,12,N,Y,Y,7400,5569,12969,734,9366,5648,Y
U0003,22,2004,5,남,무직,미혼,0,N,N,Y,1196,0,1196,813,1121,1237,N
U0004,36,1990,1,남,정규직,미혼,0,N,Y,Y,7175,0,7175,739,9662,21692,N
U0005,43,1983,10,남,프리랜서,미혼,0,N,Y,Y,8450,0,8450,716,9587,0,N
U0006,44,1982,7,남,프리랜서,이혼,0,N,Y,Y,7991,0,7991,719,11159,27412,N
U0007,27,1999,12,여,자영업,미혼,0,N,Y,Y,2653,0,2653,664,3817,11950,Y
U0008,46,1980,1,남,정규직,사별,0,N,N,Y,3497,0,3497,633,5944,2338,N
U0009,35,1991,12,여,계약직,미혼,0,N,Y,Y,8969,0,8969,873,2515,10933,N
U0010,24,2002,5,여,정규직,미혼,0,N,N,Y,1792,0,1792,953,6262,7581,Y
U0011,37,1989,5,남,정규직,기혼,17,N,Y,Y,4474,1304,5778,637,7914,3789,N
U0012,19,2007,6,남,학생,미혼,0,N,Y,Y,3026,0,3026,521,10297,0,N
U0013,28,1998,5,남,계약직,기혼,1,N,Y,Y,3158,2465,5623,600,9631,145,N
U0014,40,1986,12,여,계약직,기혼,16,N,Y,N,4331,163,4494,885,6610,10829,N
U0015,27,1999,4,여,자영업,기혼,6,N,Y,N,5154,1318,6472,717,5176,11587,N
U0016,28,1998,3,남,프리랜서,미혼,0,N,N,Y,5889,0,5889,719,9387,26818,N
U0017,32,1994,11,여,정규직,기혼,7,N,Y,Y,4623,3264,7887,495,12033,7879,N
U0018,22,2004,6,여,프리랜서,미혼,0,N,Y,Y,2953,0,2953,650,6037,9575,N
U0019,31,1995,12,남,정규직,기혼,2,N,Y,N,5041,2841,7882,820,15294,0,N
U0020,48,1978,4,남,계약직,기혼,7,N,Y,Y,7076,1311,8387,778,17323,24393,N
U0021,39,1987,11,남,무직,기혼,18,N,N,Y,5999,1890,7889,619,17838,21000,N
U0022,46,1980,5,여,정규직,기혼,14,N,Y,Y,5028,2113,7141,716,5720,12621,N
U0023,31,1995,12,남,정규직,미혼,0,N,Y,Y,4748,0,4748,557,5497,17698,N
U0024,27,1999,5,남,계약직,기혼,2,Y,N,Y,5548,596,6144,802,16864,8756,N
U0025,56,1970,9,여,무직,기혼,25,N,Y,Y,5423,4188,9611,677,8139,15134,Y
U0026,42,1984,2,남,계약직,이혼,0,N,N,Y,7628,0,7628,860,24927,8310,N
U0027,34,1992,1,여,정규직,기혼,9,N,Y,Y,6817,4844,11661,479,23849,16243,N
U0028,39,1987,11,여,정규직,기혼,17,N,Y,Y,4767,470,5237,597,12890,18486,N
U0029,64,1962,4,남,계약직,기혼,0,N,Y,Y,10930,8482,19412,666,31834,18411,N
U0030,24,2002,5,여,무직,미혼,0,N,N,Y,1464,0,1464,733,3909,1632,N
U0031,44,1982,6,남,계약직,기혼,14,N,Y,N,3107,381,3488,920,814,14366,N
U0032,56,1970,7,남,정규직,기혼,22,N,N,Y,8246,6332,14578,508,1327,39231,N
U0033,42,1984,5,남,프리랜서,미혼,0,N,N,N,5094,0,5094,883,8145,6228,N
U0034,48,1978,10,여,계약직,기혼,6,N,Y,Y,8488,4756,13244,680,24905,20490,N
U0035,62,1964,5,여,프리랜서,기혼,14,N,N,Y,10699,7822,18521,670,36221,34166,N
U0036,36,1990,11,여,정규직,이혼,0,N,Y,Y,3978,0,3978,450,13175,1507,N
U0037,55,1971,12,여,정규직,기혼,14,N,N,N,2894,1687,4581,450,3633,5619,N
U0038,28,1998,6,남,정규직,기혼,0,Y,N,N,4793,3253,8046,636,1844,24187,N
U0039,43,1983,5,여,정규직,기혼,0,Y,Y,Y,7803,3252,11055,756,2206,28293,Y
U0040,28,1998,7,여,정규직,기혼,6,N,Y,Y,4248,2402,6650,696,5565,2188,N
U0041,45,1981,5,여,정규직,기혼,18,N,Y,Y,6340,4566,10906,637,2549,10694,N
U0042,24,2002,11,남,학생,미혼,0,N,N,Y,1779,0,1779,833,980,3204,N
U0043,34,1992,8,여,정규직,미혼,0,N,Y,Y,2237,0,2237,695,1074,3392,N
U0044,44,1982,7,여,자영업,기혼,12,N,Y,Y,8609,4523,13132,791,25070,35182,N
U0045,65,1961,3,남,계약직,기혼,8,N,Y,Y,8842,4927,13769,803,15291,33031,N
U0046,21,2005,2,남,학생,미혼,0,N,N,Y,2041,0,2041,889,5656,8207,N
U0047,44,1982,3,여,정규직,기혼,9,N,Y,Y,7752,345,8097,652,8945,22507,N
U0048,47,1979,11,남,무직,기혼,13,N,Y,Y,4780,3865,8645,647,5717,19450,N
U0049,47,1979,12,여,무직,미혼,0,N,Y,Y,10726,0,10726,578,29425,2812,N
U0050,40,1986,9,남,프리랜서,기혼,16,N,N,Y,8342,1934,10276,602,26432,0,N
U0051,21,2005,8,남,학생,미혼,0,N,N,Y,2955,0,2955,796,1546,15950,N
U0052,25,2001,10,여,계약직,미혼,0,N,Y,Y,2611,0,2611,729,8907,0,N
U0053,40,1986,3,남,정규직,기혼,10,N,N,Y,8454,3339,11793,667,24011,0,N
U0054,39,1987,2,여,정규직,기혼,12,N,Y,N,5707,4723,10430,573,9911,12941,N
U0055,25,2001,12,여,자영업,기혼,3,Y,N,N,2560,1387,3947,590,6088,11627,N
U0056,30,1996,11,여,정규직,미혼,0,N,Y,Y,4595,0,4595,869,6224,12978,N
U0057,43,1983,9,여,계약직,기혼,5,N,N,Y,8556,3700,12256,773,4159,39033,Y
U0058,33,1993,6,남,정규직,기혼,12,N,Y,Y,5885,645,6530,770,10358,25710,N
U0059,37,1989,10,남,자영업,미혼,0,N,Y,N,5363,0,5363,748,16214,0,N
U0060,32,1994,4,여,정규직,기혼,5,N,Y,N,3858,1308,5166,705,10271,7347,N
U0061,62,1964,8,여,계약직,기혼,2,N,N,Y,10700,1957,12657,698,18534,47757,N
U0062,44,1982,11,남,계약직,미혼,0,N,Y,Y,9908,0,9908,748,19344,13948,N
U0063,30,1996,9,여,정규직,기혼,4,N,Y,Y,2726,965,3691,636,8321,6435,N
U0064,31,1995,3,여,계약직,기혼,6,N,Y,Y,4464,3219,7683,940,11365,13615,N
U0065,29,1997,4,여,계약직,기혼,3,N,Y,Y,4890,3884,8774,703,9815,11700,N
U0066,24,2002,10,남,정규직,미혼,0,N,N,Y,2259,0,2259,630,415,5792,N
U0067,38,1988,9,남,무직,이혼,0,N,Y,N,4231,0,4231,1000,5879,10277,N
U0068,22,2004,11,여,자영업,미혼,0,N,Y,Y,1367,0,1367,537,3227,302,N
U0069,35,1991,5,여,정규직,기혼,1,N,Y,Y,7803,6123,13926,863,18852,21323,N
U0070,53,1973,8,여,정규직,미혼,0,N,Y,Y,6929,0,6929,597,12259,18568,N
U0071,21,2005,1,남,학생,미혼,0,N,Y,Y,766,0,766,976,185,4214,Y
U0072,43,1983,3,남,정규직,기혼,0,N,Y,Y,5969,1924,7893,710,4798,15064,N
U0073,25,2001,7,여,자영업,미혼,0,N,Y,N,2471,0,2471,629,7055,7517,N
U0074,31,1995,9,여,자영업,기혼,6,N,Y,Y,5821,2343,8164,717,17304,3073,N
U0075,34,1992,10,남,자영업,기혼,3,N,Y,Y,3242,576,3818,797,10314,0,N
U0076,52,1974,2,여,무직,기혼,10,N,N,Y,5725,2737,8462,668,4434,4262,N
U0077,21,2005,3,남,학생,미혼,0,N,N,N,2010,0,2010,695,238,10185,N
U0078,41,1985,1,남,프리랜서,기혼,8,N,Y,Y,6516,3865,10381,690,9820,31947,N
U0079,45,1981,2,여,프리랜서,기혼,17,N,Y,Y,8326,585,8911,809,9654,44053,N
U0080,20,2006,10,남,학생,미혼,0,N,N,Y,800,0,800,589,455,1109,N
U0081,61,1965,6,남,프리랜서,기혼,25,N,N,Y,5202,4161,9363,569,12029,0,N
U0082,22,2004,9,여,계약직,미혼,0,N,Y,Y,2152,0,2152,788,5908,8286,Y
U0083,28,1998,12,여,자영업,기혼,3,N,Y,Y,4099,2932,7031,560,6316,8133,N
U0084,31,1995,6,남,정규직,기혼,3,N,Y,Y,4840,3921,8761,870,7820,17084,N
U0085,61,1965,9,남,자영업,기혼,11,N,Y,Y,7344,5708,13052,784,17085,624,N
U0086,34,1992,12,남,정규직,미혼,0,N,Y,Y,4197,0,4197,772,14127,0,N
U0087,24,2002,4,남,프리랜서,미혼,0,N,N,Y,1801,0,1801,765,1175,6701,N
U0088,42,1984,9,여,프리랜서,기혼,19,N,Y,Y,5464,2126,7590,571,3299,20968,N
U0089,57,1969,9,남,자영업,기혼,4,N,Y,Y,7575,5573,13148,840,5173,16264,N
U0090,53,1973,9,남,무직,기혼,8,N,Y,Y,5302,3707,9009,682,772,22933,N
U0091,54,1972,11,여,자영업,기혼,4,N,N,Y,9249,4482,13731,574,5451,51661,N
U0092,51,1975,8,남,자영업,기혼,8,N,Y,Y,2680,1810,4490,690,7212,3352,N
U0093,52,1974,5,여,정규직,기혼,10,N,Y,Y,9672,6481,16153,866,1555,36646,N
U0094,57,1969,1,여,정규직,기혼,23,N,Y,Y,7899,4725,12624,604,30,23823,N
U0095,47,1979,11,남,정규직,미혼,0,N,Y,Y,3477,0,3477,674,9106,14721,N
U0096,45,1981,11,여,정규직,기혼,19,N,Y,Y,4660,216,4876,781,14645,19433,N
U0097,23,2003,2,남,정규직,미혼,0,N,Y,Y,2652,0,2652,565,4651,4750,N
U0098,58,1968,1,남,정규직,기혼,13,N,Y,Y,2495,1413,3908,713,5746,373,Y
U0099,34,1992,11,남,정규직,기혼,8,N,Y,Y,4921,1538,6459,718,9885,16808,N
U0100,26,2000,10,여,무직,미혼,0,N,Y,Y,3271,0,3271,771,5905,0,N
U0101,23,2003,4,남,무직,미혼,0,N,N,Y,1501,0,1501,840,4996,0,N
U0102,44,1982,2,남,자영업,기혼,12,N,Y,Y,6045,4954,10999,529,5009,8302,N
U0103,58,1968,8,여,정규직,기혼,27,N,Y,Y,8174,5742,13916,709,23915,5767,N
U0104,20,2006,3,남,정규직,미혼,0,N,N,Y,2276,0,2276,690,4639,1721,N
U0105,37,1989,6,남,정규직,이혼,0,N,Y,Y,4040,0,4040,605,9153,8124,N
U0106,41,1985,5,남,정규직,미혼,0,N,Y,Y,8675,0,8675,619,8530,38323,N
U0107,47,1979,3,남,자영업,기혼,25,N,Y,Y,7324,4379,11703,635,3643,39967,N
U0108,50,1976,1,남,정규직,기혼,22,N,N,Y,9618,7036,16654,834,32335,7199,N
U0109,37,1989,7,여,프리랜서,기혼,9,N,Y,Y,9642,7775,17417,450,32572,0,N
U0110,20,2006,4,남,학생,미혼,0,N,N,Y,725,0,725,942,1112,1396,N
U0111,31,1995,3,남,무직,기혼,1,N,N,N,5582,2046,7628,634,8483,0,N
U0112,44,1982,8,남,정규직,미혼,0,N,Y,Y,9839,0,9839,596,16308,1276,N
U0113,36,1990,2,여,프리랜서,기혼,13,N,N,Y,6875,4913,11788,767,12886,29591,N
U0114,19,2007,7,남,계약직,기혼,1,N,Y,Y,984,498,1482,615,1101,3823,N
U0115,56,1970,2,남,자영업,기혼,27,N,Y,Y,5698,1855,7553,569,747,10281,N
U0116,20,2006,3,여,학생,기혼,1,N,N,Y,2495,1283,3778,733,780,6640,N
U0117,19,2007,8,남,학생,기혼,0,N,Y,Y,1913,1033,2946,739,2494,5804,N
U0118,31,1995,9,남,정규직,기혼,10,N,Y,N,5307,2712,8019,739,157,9148,N
U0119,50,1976,9,여,계약직,기혼,3,N,Y,Y,4488,1240,5728,692,14957,10533,N
U0120,58,1968,6,남,정규직,기혼,20,N,N,N,8047,3470,11517,878,23811,29067,N
U0121,34,1992,5,여,정규직,기혼,7,N,Y,Y,4986,2630,7616,648,2091,19796,N
U0122,35,1991,8,여,정규직,기혼,5,N,Y,Y,8458,930,9388,732,12839,16820,N
U0123,34,1992,5,남,무직,미혼,0,N,Y,N,4388,0,4388,587,6660,15164,N
U0124,24,2002,5,남,정규직,미혼,0,N,Y,Y,2774,0,2774,702,468,2429,N
U0125,19,2007,2,여,무직,미혼,0,N,Y,Y,1960,0,1960,771,2026,15,N
U0126,29,1997,5,여,정규직,미혼,0,N,N,N,6291,0,6291,883,7931,22190,N
U0127,59,1967,7,여,자영업,기혼,20,N,N,Y,3193,1972,5165,930,1159,16963,N
U0128,24,2002,9,남,정규직,기혼,2,N,N,Y,1725,1065,2790,695,2910,5588,N
U0129,41,1985,7,남,정규직,미혼,0,N,Y,Y,3616,0,3616,624,12411,10240,Y
U0130,34,1992,10,여,계약직,기혼,5,N,Y,Y,3264,947,4211,720,9481,14182,N
U0131,22,2004,1,남,무직,미혼,0,N,N,Y,3086,0,3086,805,5728,0,N
U0132,38,1988,5,여,정규직,이혼,0,N,N,Y,3934,0,3934,816,5683,14036,N
U0133,40,1986,12,남,계약직,기혼,17,N,Y,Y,7670,2722,10392,717,7676,35506,N
U0134,24,2002,12,남,학생,미혼,0,N,N,Y,2639,0,2639,508,7378,1429,N
U0135,44,1982,4,남,정규직,기혼,5,N,Y,N,8146,826,8972,806,7534,6149,N
U0136,27,1999,9,남,프리랜서,기혼,2,N,Y,Y,3262,592,3854,742,3789,5793,N
U0137,39,1987,1,여,정규직,기혼,16,N,Y,Y,9288,1520,10808,453,5442,50692,N
U0138,24,2002,6,남,계약직,미혼,0,N,Y,Y,2051,0,2051,696,4127,1213,N
U0139,26,2000,5,여,자영업,미혼,0,N,N,Y,2950,0,2950,754,8227,11055,N
U0140,30,1996,4,여,정규직,기혼,8,N,Y,Y,5161,1109,6270,899,2070,20252,N
U0141,20,2006,6,여,무직,미혼,0,N,N,Y,2119,0,2119,624,2346,4636,Y
U0142,27,1999,9,남,자영업,미혼,0,N,N,Y,2562,0,2562,678,167,8092,Y
U0143,21,2005,9,남,학생,미혼,0,N,N,Y,2196,0,2196,786,3430,1186,N
U0144,24,2002,6,남,자영업,미혼,0,N,N,Y,2771,0,2771,834,2554,8152,N
U0145,33,1993,11,여,정규직,미혼,0,N,Y,Y,5643,0,5643,778,16021,16849,N
U0146,34,1992,11,남,자영업,기혼,11,N,Y,Y,2612,997,3609,773,9076,9158,N
U0147,65,1961,7,남,프리랜서,기혼,5,N,Y,Y,2351,1566,3917,665,3968,468,N
U0148,36,1990,7,남,정규직,기혼,7,N,N,Y,7188,3322,10510,718,6486,0,N
U0149,28,1998,7,여,정규직,미혼,0,N,Y,Y,6945,0,6945,552,9678,2710,N
U0150,61,1965,2,남,자영업,기혼,11,N,Y,Y,5459,4568,10027,631,11731,11984,N
U0151,20,2006,11,남,무직,기혼,0,N,N,Y,1518,510,2028,606,3915,0,N
U0152,26,2000,9,여,프리랜서,기혼,6,N,N,Y,4325,1386,5711,651,7321,3634,N
U0153,26,2000,7,여,계약직,미혼,0,N,N,Y,3897,0,3897,788,12918,9884,N
U0154,62,1964,6,여,자영업,기혼,28,N,N,N,6417,5369,11786,666,20573,1890,N
U0155,26,2000,6,여,계약직,기혼,2,Y,Y,Y,6801,1983,8784,766,9976,26212,N
U0156,65,1961,9,여,프리랜서,기혼,9,N,Y,N,2429,204,2633,825,1389,3017,N
U0157,59,1967,6,여,계약직,기혼,15,N,Y,Y,2706,1411,4117,451,8223,6581,N
U0158,19,2007,3,남,학생,미혼,0,N,N,Y,808,0,808,782,472,481,Y
U0159,37,1989,1,남,정규직,기혼,10,N,N,Y,9096,7228,16324,663,30196,15591,N
U0160,47,1979,6,여,계약직,기혼,0,N,Y,Y,4696,3057,7753,702,13115,10831,N
U0161,39,1987,11,여,정규직,기혼,2,Y,Y,Y,7324,1694,9018,669,497,4021,N
U0162,47,1979,1,여,정규직,기혼,2,N,Y,N,4251,1379,5630,670,188,24797,N
U0163,36,1990,5,여,정규직,기혼,6,N,Y,Y,7667,6343,14010,730,404,36814,N
U0164,24,2002,3,남,정규직,미혼,0,N,Y,N,2650,0,2650,836,7018,9453,N
U0165,43,1983,3,남,자영업,기혼,14,N,Y,Y,5570,3,5573,650,3617,457,N
U0166,20,2006,3,남,학생,미혼,0,N,N,Y,2085,0,2085,638,6103,5393,N
U0167,45,1981,10,여,정규직,기혼,23,N,Y,Y,10501,8574,19075,864,19540,4721,N
U0168,43,1983,10,여,자영업,이혼,0,N,N,Y,9978,0,9978,821,29505,11693,N
U0169,29,1997,4,남,정규직,기혼,0,N,N,Y,6612,2873,9485,590,2182,18243,N
U0170,46,1980,10,여,정규직,미혼,0,N,N,Y,9021,0,9021,658,29107,5347,N
U0171,24,2002,12,여,계약직,기혼,4,N,Y,Y,2645,333,2978,655,6900,5608,N
U0172,56,1970,2,여,프리랜서,기혼,11,N,Y,Y,7899,5168,13067,827,4679,15776,N
U0173,24,2002,2,여,정규직,미혼,0,N,Y,Y,1999,0,1999,758,1810,5198,N
U0174,30,1996,2,남,정규직,미혼,0,N,N,Y,6903,0,6903,848,12287,23852,N
U0175,29,1997,4,여,계약직,기혼,4,N,N,Y,2341,1104,3445,708,7351,5793,N
U0176,24,2002,12,남,계약직,미혼,0,N,N,Y,2306,0,2306,781,4559,490,Y
U0177,23,2003,10,여,계약직,미혼,0,N,N,Y,1200,0,1200,764,3275,0,N
U0178,22,2004,10,여,프리랜서,미혼,0,N,N,N,1712,0,1712,727,4651,4121,N
U0179,43,1983,11,남,자영업,기혼,14,N,Y,Y,8793,3448,12241,586,1679,27709,N
U0180,21,2005,12,남,학생,미혼,0,N,Y,Y,1768,0,1768,790,2246,4686,N
U0181,42,1984,5,남,프리랜서,미혼,0,N,Y,Y,7358,0,7358,717,22029,13988,Y
U0182,19,2007,11,여,학생,미혼,0,N,Y,Y,3184,0,3184,841,1798,5217,N
U0183,21,2005,6,여,학생,미혼,0,N,N,Y,884,0,884,700,3054,1175,N
U0184,39,1987,4,남,정규직,미혼,0,N,Y,Y,8162,0,8162,566,5923,28113,N
U0185,35,1991,3,남,정규직,기혼,10,N,N,Y,6322,191,6513,762,10192,27979,N
U0186,65,1961,9,남,정규직,기혼,12,N,Y,Y,9041,2369,11410,768,27144,25721,N
U0187,21,2005,8,여,학생,미혼,0,N,Y,N,2738,0,2738,872,1272,11493,N
U0188,28,1998,5,여,계약직,기혼,7,N,Y,Y,2956,288,3244,657,9915,5359,N
U0189,26,2000,7,여,자영업,미혼,0,N,Y,Y,6214,0,6214,672,6795,27420,N
U0190,40,1986,7,남,정규직,기혼,10,N,N,N,6173,159,6332,575,10270,9083,N
U0191,22,2004,7,남,정규직,미혼,0,N,N,Y,2639,0,2639,542,5030,1829,N
U0192,25,2001,2,남,정규직,기혼,4,N,Y,Y,2904,368,3272,796,5400,4627,N
U0193,21,2005,1,여,학생,기혼,0,N,Y,Y,3145,293,3438,714,4752,9147,N
U0194,42,1984,11,여,프리랜서,이혼,0,N,Y,Y,8642,0,8642,747,26017,33601,N
U0195,25,2001,10,여,자영업,기혼,0,N,N,Y,5705,2553,8258,836,5579,15732,N
U0196,30,1996,5,여,계약직,미혼,0,N,Y,Y,3660,0,3660,578,10056,1503,N
U0197,20,2006,10,남,학생,미혼,0,N,N,Y,2635,0,2635,726,4864,0,N
U0198,45,1981,3,여,계약직,기혼,9,N,Y,N,10302,2046,12348,789,24645,13674,N
U0199,26,2000,5,여,정규직,미혼,0,N,Y,Y,5425,0,5425,737,12868,25906,N
U0200,65,1961,2,남,정규직,기혼,19,N,Y,Y,10099,4859,14958,587,34186,37514,N
U0201,21,2005,3,여,자영업,미혼,0,N,N,Y,1621,0,1621,687,3067,2937,N
U0202,25,2001,9,여,프리랜서,미혼,0,N,Y,Y,6099,0,6099,678,1496,8933,N
U0203,33,1993,1,여,계약직,기혼,4,N,N,Y,3924,283,4207,599,1922,4535,N
U0204,42,1984,11,남,자영업,기혼,7,N,N,Y,3991,2218,6209,587,6582,18790,Y
U0205,30,1996,12,여,정규직,미혼,0,N,N,Y,2859,0,2859,820,7647,6699,N
U0206,19,2007,12,여,학생,미혼,0,N,N,Y,2400,0,2400,552,1732,8607,N
U0207,43,1983,9,남,정규직,기혼,20,N,Y,Y,4356,2950,7306,605,7233,2068,N
U0208,52,1974,10,여,정규직,기혼,23,N,Y,Y,9011,2498,11509,454,3093,39050,N
U0209,23,2003,1,여,자영업,미혼,0,N,N,Y,1045,0,1045,592,2208,3912,N
U0210,34,1992,3,남,자영업,미혼,0,N,Y,N,5721,0,5721,910,10096,10550,N
U0211,22,2004,10,남,무직,기혼,1,N,N,N,1654,1110,2764,635,3667,6774,Y
U0212,25,2001,2,여,정규직,미혼,0,N,Y,Y,3041,0,3041,809,5947,0,N
U0213,26,2000,6,여,자영업,미혼,0,N,Y,Y,4457,0,4457,518,14031,5804,N
U0214,35,1991,5,여,정규직,이혼,0,N,Y,Y,5427,0,5427,679,8431,17355,N
U0215,29,1997,4,여,정규직,미혼,0,N,Y,Y,2912,0,2912,661,6305,390,N
U0216,22,2004,9,남,정규직,미혼,0,N,Y,Y,3021,0,3021,988,8126,13164,N
U0217,35,1991,3,남,정규직,기혼,12,N,Y,Y,5502,1526,7028,663,10138,21084,N
U0218,25,2001,5,여,무직,미혼,0,N,N,N,2620,0,2620,674,6674,4083,N
U0219,22,2004,11,여,무직,미혼,0,N,N,Y,2564,0,2564,766,3426,7151,Y
U0220,28,1998,1,남,계약직,기혼,7,N,N,Y,5779,2854,8633,773,11440,24617,N
U0221,60,1966,1,여,자영업,기혼,20,N,N,Y,8898,1386,10284,872,16933,38452,N
U0222,38,1988,9,남,계약직,기혼,2,Y,Y,Y,5437,3194,8631,822,2645,14005,N
U0223,19,2007,8,여,학생,미혼,0,N,Y,Y,1935,0,1935,771,1714,454,N
U0224,43,1983,10,남,계약직,미혼,0,N,Y,Y,4519,0,4519,740,3030,7101,N
U0225,50,1976,2,여,자영업,기혼,4,N,Y,Y,4594,2820,7414,831,6187,10250,N
U0226,33,1993,11,남,정규직,미혼,0,N,Y,Y,6892,0,6892,783,17885,28184,N
U0227,62,1964,9,여,무직,기혼,14,N,Y,Y,6475,3458,9933,753,1198,3862,N
U0228,53,1973,9,남,계약직,사별,0,N,Y,Y,10234,0,10234,757,13741,14549,N
U0229,33,1993,3,남,자영업,미혼,0,N,Y,N,5161,0,5161,537,5789,0,Y
U0230,39,1987,2,여,정규직,미혼,0,N,Y,Y,7604,0,7604,962,11244,18970,N
U0231,32,1994,11,남,계약직,기혼,8,N,Y,Y,3627,1768,5395,771,12161,9845,N
U0232,33,1993,3,남,계약직,기혼,8,N,N,Y,3222,2635,5857,574,8370,5364,N
U0233,41,1985,5,여,정규직,기혼,8,N,Y,Y,4669,595,5264,913,5075,11781,N
U0234,26,2000,7,여,자영업,기혼,0,N,N,Y,3333,1618,4951,754,5836,374,N
U0235,31,1995,5,남,정규직,기혼,5,N,Y,Y,4479,938,5417,686,2272,12340,N
U0236,20,2006,8,여,무직,미혼,0,N,N,N,2987,0,2987,909,3146,15265,N
U0237,26,2000,3,여,정규직,기혼,2,N,Y,Y,3768,2227,5995,731,2423,9442,N
U0238,23,2003,6,여,학생,미혼,0,N,N,Y,2879,0,2879,562,9520,10616,N
U0239,24,2002,9,여,프리랜서,미혼,0,N,N,Y,1885,0,1885,731,6242,6184,N
U0240,42,1984,2,남,계약직,기혼,10,N,N,Y,4486,1462,5948,793,6646,13293,Y
U0241,33,1993,1,남,정규직,미혼,0,N,Y,N,6414,0,6414,784,11907,1155,N
U0242,47,1979,9,여,무직,미혼,0,N,Y,Y,2323,0,2323,790,2116,8987,N
U0243,39,1987,10,남,정규직,기혼,0,N,Y,Y,3538,2310,5848,618,321,14641,N
U0244,34,1992,3,남,정규직,기혼,12,N,Y,Y,2467,148,2615,513,8219,1994,N
U0245,34,1992,3,여,정규직,기혼,13,N,Y,Y,4338,1431,5769,702,1370,11064,N
U0246,49,1977,3,남,정규직,기혼,9,N,N,Y,4659,189,4848,867,1248,1971,N
U0247,32,1994,11,여,정규직,기혼,4,N,N,Y,3213,214,3427,804,7573,5122,Y
U0248,27,1999,3,남,정규직,미혼,0,N,N,Y,3103,0,3103,710,291,9295,N
U0249,34,1992,7,남,정규직,미혼,0,N,Y,Y,4273,0,4273,608,8654,14761,N
U0250,32,1994,10,여,계약직,미혼,0,N,Y,Y,5686,0,5686,785,9338,11236,N
U0251,37,1989,3,남,정규직,미혼,0,N,Y,Y,9601,0,9601,639,18711,48210,N
U0252,53,1973,10,남,무직,기혼,29,N,N,Y,10664,6851,17515,723,36378,32523,N
U0253,27,1999,2,남,프리랜서,미혼,0,N,Y,Y,3378,0,3378,756,5971,0,N
U0254,23,2003,2,남,정규직,미혼,0,N,N,Y,1729,0,1729,626,2380,0,N
U0255,43,1983,10,여,정규직,기혼,20,N,Y,Y,5111,161,5272,630,13238,0,N
U0256,49,1977,11,여,무직,기혼,24,N,Y,Y,4682,2932,7614,872,7426,23924,N
U0257,26,2000,3,여,자영업,기혼,0,Y,Y,Y,3231,214,3445,670,6321,12152,N
U0258,43,1983,6,남,정규직,기혼,13,N,Y,Y,5027,2234,7261,619,2072,9209,N
U0259,44,1982,8,여,정규직,기혼,15,N,N,Y,3930,463,4393,598,9178,0,N
U0260,43,1983,11,남,정규직,기혼,2,Y,Y,Y,3370,1633,5003,579,2234,9034,N
U0261,27,1999,7,남,정규직,기혼,5,N,Y,N,4801,1164,5965,797,2592,26201,N
U0262,33,1993,7,남,정규직,미혼,0,N,Y,Y,2514,0,2514,891,254,9706,N
U0263,41,1985,9,여,정규직,미혼,0,N,N,N,7345,0,7345,681,1547,40023,N
U0264,33,1993,6,여,프리랜서,기혼,12,N,Y,Y,5379,1471,6850,665,3965,29034,N
U0265,24,2002,8,남,학생,미혼,0,N,N,Y,1531,0,1531,803,3735,0,N
U0266,34,1992,4,남,계약직,미혼,0,N,N,Y,6376,0,6376,888,12700,13517,N
U0267,44,1982,5,여,정규직,미혼,0,N,Y,Y,7550,0,7550,778,22312,8619,N
U0268,36,1990,4,남,계약직,미혼,0,N,Y,Y,3677,0,3677,642,6177,14951,N
U0269,19,2007,1,여,학생,미혼,0,N,N,Y,932,0,932,823,983,3115,Y
U0270,55,1971,8,여,정규직,기혼,3,N,Y,Y,2608,1750,4358,662,1767,8420,N
U0271,34,1992,6,여,정규직,미혼,0,N,Y,Y,5456,0,5456,842,15949,20367,N
U0272,45,1981,8,남,자영업,이혼,0,N,Y,Y,6199,0,6199,766,4624,16535,N
U0273,58,1968,4,여,정규직,기혼,28,N,Y,Y,9628,2013,11641,742,8822,4031,N
U0274,58,1968,4,여,프리랜서,기혼,10,N,Y,N,4201,165,4366,784,9058,1259,N
U0275,43,1983,6,여,정규직,기혼,5,N,Y,Y,8010,3369,11379,707,25825,16153,Y
U0276,34,1992,6,여,정규직,미혼,0,N,Y,Y,4588,0,4588,830,4384,0,N
U0277,29,1997,4,남,계약직,기혼,8,N,N,Y,3637,2542,6179,743,5165,10532,N
U0278,51,1975,12,여,자영업,기혼,14,N,N,Y,3251,2414,5665,610,3477,12909,N
U0279,54,1972,10,여,정규직,사별,0,N,Y,Y,6810,0,6810,739,13574,12783,N
U0280,21,2005,7,여,자영업,미혼,0,N,Y,Y,1843,0,1843,768,444,10364,N
U0281,38,1988,9,여,자영업,이혼,0,N,N,Y,7033,0,7033,712,21686,9559,N
U0282,49,1977,11,여,정규직,기혼,2,N,Y,Y,3955,1659,5614,629,13737,6781,N
U0283,21,2005,2,남,학생,미혼,0,N,N,Y,777,0,777,641,2584,0,N
U0284,42,1984,12,남,자영업,기혼,16,N,Y,Y,9279,3081,12360,695,10013,549,Y
U0285,37,1989,1,여,정규직,기혼,10,N,Y,Y,7373,5855,13228,628,5997,3663,N
U0286,44,1982,3,여,정규직,이혼,0,N,Y,N,7874,0,7874,791,18682,36663,N
U0287,36,1990,5,남,프리랜서,기혼,7,N,Y,Y,5622,1417,7039,763,746,30905,N
U0288,38,1988,11,남,무직,기혼,12,N,Y,Y,7408,407,7815,780,12747,36118,Y
U0289,34,1992,8,남,자영업,미혼,0,N,N,Y,6868,0,6868,666,10610,16536,N
U0290,42,1984,2,여,정규직,미혼,0,N,Y,Y,4327,0,4327,759,194,13550,N
U0291,50,1976,9,여,자영업,기혼,11,N,Y,Y,10339,6465,16804,721,29424,25573,N
U0292,56,1970,9,남,자영업,이혼,0,N,Y,Y,8227,0,8227,749,14416,20264,N
U0293,24,2002,7,여,무직,미혼,0,N,N,Y,1574,0,1574,699,1003,8480,N
U0294,19,2007,10,남,학생,미혼,0,N,N,Y,759,0,759,649,1997,0,N
U0295,30,1996,11,여,정규직,미혼,0,N,Y,Y,3785,0,3785,818,9251,12156,N
U0296,30,1996,1,여,프리랜서,기혼,3,N,Y,Y,2591,942,3533,791,8447,10301,N
U0297,42,1984,3,여,정규직,이혼,0,N,Y,Y,4703,0,4703,846,11521,0,N
U0298,54,1972,10,남,정규직,기혼,12,N,N,Y,8525,4738,13263,951,23425,37797,N
U0299,22,2004,7,여,정규직,미혼,0,N,N,N,928,0,928,644,346,154,N
U0300,64,1962,8,남,정규직,기혼,22,N,N,Y,9292,1206,10498,594,23311,36050,N
U0301,51,1975,3,남,계약직,미혼,0,N,Y,Y,6194,0,6194,948,7698,4355,N
U0302,55,1971,10,여,정규직,미혼,0,N,Y,Y,7389,0,7389,824,2314,25274,N
U0303,50,1976,11,남,정규직,기혼,19,N,Y,Y,2485,2176,4661,863,12073,250,N
U0304,46,1980,4,여,정규직,미혼,0,N,Y,Y,7974,0,7974,745,6127,33750,N
U0305,20,2006,9,남,프리랜서,미혼,0,N,Y,Y,1806,0,1806,810,7434,15169,N
U0306,41,1985,3,여,정규직,기혼,0,N,Y,Y,3555,481,4036,799,12849,663,N
U0307,21,2005,7,여,계약직,기혼,17,N,Y,N,1500,4948,6448,786,7234,15881,N
U0308,35,1991,2,남,정규직,기혼,7,N,Y,Y,4542,1578,6120,856,4810,3663,N
U0309,42,1984,9,여,프리랜서,기혼,2,N,N,Y,4454,2175,6629,801,4738,751,N
U0310,52,1974,6,여,정규직,기혼,6,N,Y,Y,7887,4990,12877,706,4189,4481,N
U0311,38,1988,4,여,프리랜서,기혼,4,N,Y,Y,6605,3314,9919,708,9509,28586,N
U0312,46,1980,12,여,자영업,미혼,0,N,Y,Y,5163,0,5163,840,13897,14479,N
U0313,28,1998,2,남,정규직,기혼,18,N,Y,Y,2986,827,3813,721,2619,28253,N
U0314,58,1968,7,남,프리랜서,기혼,3,N,Y,N,1500,4629,6129,865,1486,28462,N
U0315,52,1974,8,남,정규직,기혼,5,N,Y,Y,2089,2168,4257,771,6508,12901,N
U0316,31,1995,9,여,프리랜서,미혼,0,N,Y,Y,3531,0,3531,850,1426,21143,N
U0317,27,1999,9,여,자영업,기혼,4,N,Y,Y,3424,39,3463,887,3535,20386,N
U0318,57,1969,6,여,정규직,기혼,7,N,Y,Y,6775,738,7513,941,14042,12266,N
U0319,20,2006,12,남,정규직,미혼,0,N,Y,N,3045,0,3045,793,11073,26563,N
U0320,20,2006,8,여,정규직,기혼,21,N,Y,Y,5444,991,6435,903,9088,33321,N
U0321,48,1978,6,남,자영업,미혼,0,N,Y,Y,7725,0,7725,878,1499,24136,N
U0322,39,1987,2,남,프리랜서,미혼,0,N,Y,Y,6232,0,6232,821,10496,8754,N
U0323,59,1967,8,여,정규직,기혼,3,N,Y,Y,1500,4745,6245,708,3383,3238,N
U0324,48,1978,9,여,정규직,미혼,0,N,Y,Y,8432,0,8432,897,5758,16800,N
U0325,35,1991,12,남,프리랜서,기혼,5,N,Y,Y,2906,598,3504,889,10314,4897,N
U0326,51,1975,10,남,정규직,기혼,1,Y,Y,Y,1500,4177,5677,736,13606,31984,N
U0327,50,1976,11,여,자영업,기혼,0,Y,N,Y,1500,4656,6156,790,13643,10369,N
U0328,28,1998,5,남,정규직,기혼,7,N,Y,N,3109,712,3821,869,12041,21092,N
U0329,46,1980,9,여,자영업,미혼,0,N,Y,Y,4293,0,4293,751,614,17278,N
U0330,19,2007,1,여,자영업,기혼,2,N,Y,Y,7566,3813,11379,880,13617,7974,N
U0331,40,1986,11,여,정규직,기혼,3,N,Y,Y,2278,1984,4262,795,10764,14446,N
U0332,20,2006,11,남,정규직,기혼,2,Y,N,Y,6266,1509,7775,787,7546,18389,N
U0333,23,2003,7,남,자영업,미혼,0,N,Y,Y,1706,0,1706,915,7143,32297,N
U0334,34,1992,12,남,정규직,기혼,7,N,Y,Y,2273,256,2529,815,12779,3794,N
U0335,56,1970,4,남,정규직,기혼,4,N,Y,Y,6648,3902,10550,916,10248,11333,N
U0336,21,2005,2,여,정규직,미혼,0,N,Y,Y,1876,0,1876,836,4210,29014,N
U0337,44,1982,5,여,정규직,미혼,0,N,Y,Y,3252,0,3252,879,5197,13033,N
U0338,38,1988,5,남,계약직,기혼,7,N,N,Y,8965,2766,11731,926,2481,21140,N
U0339,56,1970,10,여,프리랜서,기혼,4,N,Y,Y,5338,3628,8966,939,187,1195,N
U0340,41,1985,5,여,정규직,기혼,11,N,Y,Y,1657,3222,4879,880,14246,19377,N
U0341,44,1982,8,여,프리랜서,기혼,4,N,Y,Y,1505,2904,4409,763,5658,12331,N
U0342,26,2000,2,여,정규직,기혼,4,N,Y,Y,1624,639,2263,854,3510,8582,N
U0343,42,1984,2,남,정규직,미혼,0,N,Y,N,6604,0,6604,774,8763,17816,N
U0344,50,1976,7,여,자영업,기혼,1,Y,Y,Y,7551,4394,11945,763,4996,8323,N
U0345,38,1988,7,여,정규직,미혼,0,N,Y,Y,2767,0,2767,775,1784,5340,N
U0346,52,1974,8,여,자영업,기혼,2,N,N,Y,7113,3287,10400,726,4308,21726,N
U0347,58,1968,6,여,프리랜서,미혼,0,N,Y,Y,4364,0,4364,691,10171,33530,N
U0348,57,1969,9,여,정규직,미혼,0,N,Y,Y,6809,0,6809,787,10447,13877,N
U0349,54,1972,9,여,프리랜서,기혼,6,N,Y,Y,2261,693,2954,823,10520,26149,N
U0350,39,1987,11,여,자영업,미혼,0,N,Y,Y,4683,0,4683,807,12137,8302,N
U0351,22,2004,3,여,자영업,미혼,0,N,N,Y,2474,0,2474,771,112,1331,N
U0352,42,1984,6,여,정규직,기혼,7,N,Y,Y,1862,2942,4804,858,8634,5996,N
U0353,53,1973,10,여,자영업,기혼,2,Y,Y,Y,7405,3361,10766,733,11232,24291,N
U0354,37,1989,5,남,정규직,미혼,0,N,N,Y,4174,0,4174,707,8297,18324,N
U0355,44,1982,5,여,프리랜서,기혼,2,Y,Y,Y,4305,881,5186,717,6730,31207,N
U0356,46,1980,4,여,정규직,기혼,0,N,Y,Y,1579,3095,4674,905,11318,9203,N
U0357,39,1987,3,남,계약직,미혼,0,N,Y,Y,2656,0,2656,672,3211,30339,N
U0358,31,1995,10,남,정규직,미혼,0,N,Y,Y,4521,0,4521,698,2987,28980,N
U0359,55,1971,8,남,정규직,기혼,24,N,Y,Y,2690,1903,4593,950,1549,27149,N
U0360,42,1984,12,남,정규직,미혼,0,N,Y,Y,3740,0,3740,775,7509,24585,N
U0361,36,1990,1,여,자영업,미혼,0,N,Y,Y,3597,0,3597,762,11151,5135,N
U0362,40,1986,10,여,프리랜서,미혼,0,N,Y,N,6682,0,6682,719,8694,12731,N
U0363,20,2006,6,남,자영업,기혼,9,N,Y,Y,6532,119,6651,698,5651,26877,N
U0364,41,1985,11,여,정규직,미혼,0,N,Y,Y,4403,0,4403,789,3067,18176,N
U0365,20,2006,7,여,정규직,미혼,0,N,Y,Y,8356,0,8356,715,14531,9818,N
U0366,42,1984,3,여,정규직,미혼,0,N,Y,Y,6728,0,6728,870,12938,13135,N
U0367,21,2005,12,남,정규직,미혼,0,N,Y,Y,8355,0,8355,936,949,5045,N
U0368,25,2001,4,여,정규직,미혼,0,N,Y,Y,2989,0,2989,822,2783,22208,N
U0369,47,1979,8,남,정규직,기혼,7,N,Y,Y,2448,2108,4556,838,14720,588,N
U0370,54,1972,8,남,계약직,미혼,0,N,Y,Y,3784,0,3784,901,7347,15630,N
U0371,34,1992,10,남,자영업,미혼,0,N,Y,Y,7638,0,7638,894,7176,27275,N
U0372,41,1985,11,여,정규직,기혼,1,N,Y,Y,2160,1716,3876,756,216,14919,N
U0373,50,1976,6,남,정규직,기혼,5,N,Y,Y,3056,79,3135,851,12549,33643,N
U0374,34,1992,8,여,자영업,기혼,4,N,Y,Y,1945,1117,3062,782,10064,6525,N
U0375,59,1967,9,여,프리랜서,기혼,18,N,Y,Y,1500,3859,5359,727,5452,33798,N
U0376,39,1987,12,남,정규직,미혼,0,N,Y,N,4671,0,4671,685,3688,33761,N
U0377,20,2006,5,여,계약직,기혼,12,N,Y,Y,1835,2567,4402,781,11799,21734,N
U0378,50,1976,6,남,프리랜서,미혼,0,N,Y,Y,8876,0,8876,678,12307,5482,N
U0379,41,1985,10,여,정규직,기혼,16,N,Y,Y,8803,2268,11071,951,9889,16113,N
U0380,42,1984,1,남,정규직,미혼,0,N,Y,Y,8739,0,8739,841,7434,16127,N
U0381,27,1999,10,남,정규직,미혼,0,N,N,Y,3306,0,3306,672,1618,21609,N
U0382,49,1977,3,남,정규직,미혼,0,N,Y,Y,4315,0,4315,775,1069,2083,N
U0383,21,2005,4,여,정규직,기혼,15,N,Y,Y,1500,3907,5407,942,10290,21958,N
U0384,38,1988,8,남,자영업,기혼,4,N,Y,Y,7373,3087,10460,795,14941,7560,N
U0385,58,1968,7,여,정규직,미혼,0,N,N,Y,2894,0,2894,827,7024,32916,N
U0386,59,1967,5,여,정규직,미혼,0,N,Y,Y,2069,0,2069,784,3749,30796,N
U0387,59,1967,3,남,계약직,미혼,0,N,Y,Y,5612,0,5612,938,6597,8213,N
U0388,25,2001,6,남,자영업,기혼,2,N,Y,Y,1500,4926,6426,949,4745,3808,N
U0389,26,2000,7,남,계약직,미혼,0,N,Y,Y,4230,0,4230,928,13460,6894,N
U0390,19,2007,9,남,정규직,기혼,1,N,Y,Y,5108,3052,8160,867,3683,6060,N
U0391,32,1994,3,여,정규직,미혼,0,N,Y,Y,7815,0,7815,825,906,20870,N
U0392,47,1979,12,여,자영업,기혼,3,N,Y,N,2866,1097,3963,856,5673,6793,N
U0393,53,1973,4,여,정규직,기혼,6,N,N,Y,8228,127,8355,794,2845,3940,N
U0394,25,2001,8,여,정규직,미혼,0,N,Y,Y,2617,0,2617,762,6848,11006,N
U0395,34,1992,10,여,계약직,미혼,0,N,N,N,3545,0,3545,849,11056,1439,N
U0396,26,2000,2,여,정규직,기혼,24,N,N,Y,4229,1329,5558,952,14567,33114,N
U0397,49,1977,7,여,정규직,미혼,0,N,Y,Y,2180,0,2180,741,4551,24369,N
U0398,20,2006,8,남,자영업,미혼,0,N,Y,N,5131,0,5131,807,5123,17909,N
U0399,24,2002,5,남,정규직,기혼,2,Y,Y,Y,1500,4901,6401,749,11349,20382,N
U0400,20,2006,4,여,정규직,기혼,23,N,Y,Y,2404,2227,4631,674,12042,20481,N
U0401,56,1970,2,여,정규직,기혼,0,Y,Y,Y,4248,2088,6336,805,12358,32811,N
U0402,24,2002,5,여,정규직,미혼,0,N,Y,Y,3417,0,3417,902,4423,8790,N
U0403,38,1988,12,여,정규직,미혼,0,N,Y,N,4121,0,4121,855,14212,11707,N
U0404,46,1980,5,여,정규직,미혼,0,N,Y,Y,4470,0,4470,704,13040,18263,N
U0405,43,1983,7,남,프리랜서,미혼,0,N,Y,Y,5496,0,5496,871,6436,33672,N
U0406,49,1977,2,여,자영업,미혼,0,N,N,Y,4365,0,4365,727,7325,14287,N
U0407,34,1992,12,여,프리랜서,기혼,0,Y,Y,Y,1500,3642,5142,941,3601,16525,N
U0408,21,2005,12,여,정규직,미혼,0,N,Y,Y,3593,0,3593,882,1204,9961,N
U0409,55,1971,4,남,자영업,미혼,0,N,Y,Y,2756,0,2756,685,119,24607,N
U0410,45,1981,10,여,정규직,미혼,0,N,Y,N,3445,0,3445,697,9978,31233,N
U0411,49,1977,2,남,정규직,미혼,0,N,Y,Y,4668,0,4668,708,4432,25916,N
U0412,34,1992,10,여,자영업,미혼,0,N,N,Y,5107,0,5107,724,3709,17909,N
U0413,32,1994,10,남,프리랜서,기혼,7,N,Y,Y,1500,3755,5255,681,10377,28762,N
U0414,47,1979,7,남,정규직,기혼,1,N,Y,Y,1500,4190,5690,765,9860,21128,N
U0415,39,1987,5,여,프리랜서,미혼,0,N,Y,Y,5108,0,5108,837,12559,29379,N
U0416,40,1986,12,여,프리랜서,기혼,21,N,Y,Y,1500,4013,5513,944,14496,31392,N
U0417,55,1971,8,여,정규직,미혼,0,N,Y,Y,7903,0,7903,738,1451,23871,N
U0418,36,1990,7,여,계약직,미혼,0,N,Y,Y,8512,0,8512,851,529,32575,N
U0419,27,1999,8,여,프리랜서,기혼,4,N,Y,Y,1574,2716,4290,953,375,8102,N
U0420,44,1982,6,여,정규직,미혼,0,N,Y,Y,4079,0,4079,823,12015,29204,N
U0421,39,1987,2,여,정규직,미혼,0,N,N,Y,8315,0,8315,772,6102,31848,N
U0422,58,1968,4,남,정규직,기혼,21,N,Y,N,2305,431,2736,915,5265,29834,N
U0423,37,1989,6,여,정규직,미혼,0,N,Y,Y,2321,0,2321,872,10749,28089,N
U0424,36,1990,5,여,계약직,미혼,0,N,Y,Y,3040,0,3040,695,10344,13482,N
U0425,46,1980,10,여,자영업,미혼,0,N,Y,Y,4166,0,4166,834,12804,9284,N
U0426,39,1987,12,남,프리랜서,미혼,0,N,Y,Y,2064,0,2064,918,371,13187,N
U0427,22,2004,1,남,계약직,미혼,0,N,Y,Y,6020,0,6020,738,5329,22697,N
U0428,54,1972,2,여,프리랜서,미혼,0,N,Y,Y,4907,0,4907,692,3196,26003,N
U0429,37,1989,7,남,계약직,미혼,0,N,N,Y,6835,0,6835,835,4736,911,N
U0430,48,1978,2,여,정규직,기혼,4,N,Y,Y,1619,2379,3998,767,3581,23352,N
U0431,50,1976,1,남,계약직,미혼,0,N,Y,Y,3570,0,3570,851,4931,19429,N
U0432,53,1973,11,여,프리랜서,미혼,0,N,Y,Y,2478,0,2478,950,3677,7479,N
U0433,41,1985,8,여,정규직,기혼,6,N,Y,Y,2306,1226,3532,874,5647,21181,N
U0434,27,1999,3,남,자영업,기혼,0,N,Y,Y,6784,3256,10040,845,6498,8484,N
U0435,24,2002,2,남,정규직,미혼,0,N,N,Y,3904,0,3904,852,9154,18499,N
U0436,49,1977,8,여,프리랜서,미혼,0,N,Y,Y,4288,0,4288,708,1772,15512,N
U0437,36,1990,7,여,프리랜서,기혼,4,N,Y,Y,1892,2971,4863,879,4823,24200,N
U0438,58,1968,6,여,자영업,미혼,0,N,Y,Y,2022,0,2022,815,7866,401,N
U0439,42,1984,12,여,계약직,미혼,0,N,Y,Y,2388,0,2388,862,10650,7410,N
U0440,58,1968,7,여,계약직,기혼,6,N,Y,N,1500,4335,5835,884,1471,21052,N
U0441,46,1980,12,여,정규직,기혼,19,N,Y,Y,1500,3846,5346,767,11134,20150,N
U0442,38,1988,4,남,계약직,미혼,0,N,Y,N,3901,0,3901,849,10094,26000,N
U0443,51,1975,3,여,정규직,미혼,0,N,Y,Y,4369,0,4369,705,3667,5595,N
U0444,51,1975,10,남,정규직,미혼,0,N,Y,Y,5687,0,5687,729,4537,26551,N
U0445,34,1992,12,여,자영업,기혼,1,N,Y,Y,1638,849,2487,833,4972,24155,N
U0446,29,1997,4,여,정규직,기혼,1,N,Y,N,2088,312,2400,702,1867,14511,N
U0447,23,2003,9,남,자영업,미혼,0,N,N,Y,4169,0,4169,762,12,5614,N
U0448,36,1990,1,남,계약직,미혼,0,N,Y,N,3543,0,3543,687,9878,22847,N
U0449,23,2003,7,남,정규직,기혼,10,N,Y,Y,1500,4320,5820,721,7298,23797,N
U0450,29,1997,9,여,자영업,기혼,7,N,Y,Y,2009,476,2485,913,11218,8636,N
U0451,43,1983,7,남,정규직,기혼,3,N,N,Y,2921,659,3580,703,3639,12076,N
U0452,56,1970,2,여,정규직,기혼,5,N,Y,Y,4439,186,4625,666,1189,5390,N
U0453,49,1977,5,여,정규직,미혼,0,N,Y,Y,3894,0,3894,759,7117,1142,N
U0454,53,1973,6,여,정규직,미혼,0,N,Y,N,8783,0,8783,803,4787,15166,N
U0455,26,2000,2,남,자영업,미혼,0,N,Y,Y,1717,0,1717,755,11961,24061,N
U0456,35,1991,4,여,계약직,미혼,0,N,Y,Y,8033,0,8033,773,2364,6524,N
U0457,49,1977,3,남,정규직,기혼,4,N,Y,Y,3187,871,4058,835,10339,11230,N
U0458,45,1981,11,남,프리랜서,미혼,0,N,Y,Y,1971,0,1971,828,10278,32821,N
U0459,46,1980,1,여,자영업,기혼,19,N,Y,Y,6617,2201,8818,901,13131,17203,N
U0460,19,2007,2,남,계약직,미혼,0,N,Y,N,2676,0,2676,866,13864,14550,N
U0461,19,2007,9,여,정규직,기혼,8,N,Y,Y,5683,743,6426,760,12191,19014,N
U0462,54,1972,4,남,정규직,미혼,0,N,N,Y,5946,0,5946,811,6706,26980,N
U0463,39,1987,10,남,계약직,미혼,0,N,Y,Y,7748,0,7748,810,14353,29102,N
U0464,35,1991,7,여,계약직,기혼,18,N,N,N,1500,3406,4906,870,6686,31242,N
U0465,27,1999,1,여,정규직,미혼,0,N,Y,Y,3148,0,3148,847,10576,10137,N
U0466,39,1987,8,여,정규직,미혼,0,N,Y,Y,4572,0,4572,765,593,27169,N
U0467,55,1971,6,남,정규직,기혼,24,N,Y,Y,3899,702,4601,787,3850,24766,N
U0468,36,1990,4,남,정규직,미혼,0,N,N,N,2615,0,2615,955,4665,32343,N
U0469,22,2004,8,여,자영업,미혼,0,N,Y,Y,8582,0,8582,909,4808,9669,N
U0470,47,1979,1,남,정규직,기혼,4,N,Y,Y,4309,1523,5832,899,10703,1027,N
U0471,22,2004,1,남,정규직,기혼,7,N,N,N,6678,2085,8763,736,10191,13325,N
U0472,33,1993,12,남,자영업,기혼,4,N,Y,Y,3782,308,4090,806,8919,11832,N
U0473,42,1984,7,여,자영업,미혼,0,N,Y,Y,2934,0,2934,857,4969,8192,N
U0474,39,1987,2,남,자영업,미혼,0,N,Y,N,7191,0,7191,903,9120,8463,N
U0475,30,1996,9,남,정규직,기혼,21,N,N,Y,1594,2553,4147,833,3004,29168,N
U0476,24,2002,7,남,계약직,기혼,12,N,Y,N,1500,4167,5667,772,14418,13624,N
U0477,52,1974,12,남,계약직,미혼,0,N,Y,Y,4655,0,4655,868,139,791,N
U0478,23,2003,12,남,자영업,미혼,0,N,Y,Y,7084,0,7084,920,8461,7532,N
U0479,42,1984,6,여,자영업,기혼,12,N,Y,Y,1639,3178,4817,785,1181,14955,N
U0480,27,1999,5,남,계약직,기혼,4,N,Y,Y,3203,1388,4591,707,6563,22851,N
U0481,56,1970,2,여,정규직,기혼,1,N,Y,Y,1579,3209,4788,670,7845,31096,N
U0482,51,1975,5,여,정규직,미혼,0,N,Y,Y,1629,0,1629,878,12154,25784,N
U0483,39,1987,5,여,자영업,미혼,0,N,Y,N,5524,0,5524,790,2623,11764,N
U0484,27,1999,1,여,정규직,기혼,3,N,Y,Y,1828,2488,4316,906,2667,7246,N
U0485,51,1975,12,남,정규직,기혼,0,Y,Y,Y,3413,647,4060,691,2830,14691,N
U0486,47,1979,5,남,정규직,미혼,0,N,Y,Y,1530,0,1530,683,14856,16012,N
U0487,58,1968,10,남,정규직,기혼,6,N,Y,Y,1604,2833,4437,712,14934,5860,N
U0488,39,1987,8,여,정규직,미혼,0,N,N,Y,7488,0,7488,717,5325,26249,N
U0489,48,1978,3,여,정규직,기혼,2,Y,Y,Y,7587,414,8001,824,4750,28888,N
U0490,54,1972,3,남,정규직,기혼,3,N,Y,Y,1665,3235,4900,791,8609,1987,N
U0491,30,1996,2,남,정규직,미혼,0,N,Y,Y,4101,0,4101,759,5011,23349,N
U0492,57,1969,10,남,정규직,미혼,0,N,Y,N,5698,0,5698,945,4769,17728,N
U0493,36,1990,5,남,정규직,미혼,0,N,N,Y,6137,0,6137,811,2581,27054,N
U0494,45,1981,6,남,정규직,기혼,0,N,Y,Y,3789,31,3820,818,12900,10763,N
U0495,43,1983,9,여,정규직,미혼,0,N,Y,Y,7058,0,7058,876,5206,16466,N
U0496,32,1994,2,여,정규직,미혼,0,N,Y,Y,4543,0,4543,692,9216,976,N
U0497,43,1983,6,남,정규직,미혼,0,N,Y,Y,4355,0,4355,669,12363,7425,N
U0498,36,1990,10,여,자영업,미혼,0,N,Y,Y,7176,0,7176,818,10770,14314,N
U0499,47,1979,11,여,자영업,기혼,24,N,Y,Y,1500,3644,5144,758,6343,16922,N
U0500,59,1967,11,여,프리랜서,기혼,0,Y,N,Y,4367,203,4570,727,2956,2867,N
